time,comp_sss
2010-06-03T00:00:00.000Z,38.70765305
2010-06-10T00:00:00.000Z,38.9172554
2010-06-17T00:00:00.000Z,39.31224823
2010-06-24T00:00:00.000Z,38.9687233
2010-07-01T00:00:00.000Z,38.45301819
2010-07-08T00:00:00.000Z,38.29613495
2010-07-15T00:00:00.000Z,38.82156372
2010-07-22T00:00:00.000Z,39.35971832
2010-07-29T00:00:00.000Z,38.91292572
2010-08-05T00:00:00.000Z,38.93433762
2010-08-12T00:00:00.000Z,39.04275513
2010-08-19T00:00:00.000Z,38.94433975
2010-08-26T00:00:00.000Z,39.43257904
2010-09-02T00:00:00.000Z,39.87217331
2010-09-09T00:00:00.000Z,39.85686111
2010-09-16T00:00:00.000Z,39.43294525
2010-09-23T00:00:00.000Z,39.45461273
2010-09-30T00:00:00.000Z,39.32883835
2010-10-07T00:00:00.000Z,39.12991714
2010-10-14T00:00:00.000Z,39.17770386
2010-10-21T00:00:00.000Z,39.26708221
2010-10-28T00:00:00.000Z,39.45287323
2010-11-04T00:00:00.000Z,39.02988815
2010-11-11T00:00:00.000Z,38.61723328
2010-11-18T00:00:00.000Z,38.67782593
2010-11-25T00:00:00.000Z,39.20705414
2010-12-02T00:00:00.000Z,39.15004349
2010-12-09T00:00:00.000Z,38.70331573
2010-12-16T00:00:00.000Z,38.67282104
2010-12-23T00:00:00.000Z,39.37522125
2010-12-30T00:00:00.000Z,38.61730194
2011-01-06T00:00:00.000Z,38.46050644
2011-01-13T00:00:00.000Z,39.02980042
2011-01-20T00:00:00.000Z,39.47622681
2011-01-27T00:00:00.000Z,39.78003311
2011-02-03T00:00:00.000Z,38.9681282
2011-02-10T00:00:00.000Z,39.19280624
2011-02-17T00:00:00.000Z,39.4466362
2011-02-24T00:00:00.000Z,39.27349091
2011-03-03T00:00:00.000Z,39.1719017
2011-03-10T00:00:00.000Z,38.87083435
2011-03-17T00:00:00.000Z,38.83086777
2011-03-24T00:00:00.000Z,38.63288116
2011-03-31T00:00:00.000Z,38.87398148
2011-04-07T00:00:00.000Z,38.86577606
2011-04-14T00:00:00.000Z,38.62902069
2011-04-21T00:00:00.000Z,39.2726593
2011-04-28T00:00:00.000Z,39.06546402
2011-05-05T00:00:00.000Z,38.84703445
2011-05-12T00:00:00.000Z,38.83177185
2011-05-19T00:00:00.000Z,38.94085312
2011-05-26T00:00:00.000Z,38.80391312
2011-06-02T00:00:00.000Z,38.99489212
2011-06-09T00:00:00.000Z,38.77336121
2011-06-16T00:00:00.000Z,38.70309067
2011-06-23T00:00:00.000Z,38.53643417
2011-06-30T00:00:00.000Z,38.30248642
2011-07-07T00:00:00.000Z,38.61169815
2011-07-14T00:00:00.000Z,39.22048569
2011-07-21T00:00:00.000Z,38.54647827
2011-07-28T00:00:00.000Z,38.57665253
2011-08-04T00:00:00.000Z,38.60301208
2011-08-11T00:00:00.000Z,38.8512764
2011-08-18T00:00:00.000Z,39.30236435
2011-08-25T00:00:00.000Z,38.96848297
2011-09-01T00:00:00.000Z,39.23939896
2011-09-08T00:00:00.000Z,39.17737579
2011-09-15T00:00:00.000Z,39.2448616
2011-09-22T00:00:00.000Z,39.35654068
2011-09-29T00:00:00.000Z,39.34267426
2011-10-06T00:00:00.000Z,39.32264328
2011-10-13T00:00:00.000Z,39.21700287
2011-10-20T00:00:00.000Z,39.0421257
2011-10-27T00:00:00.000Z,39.32144547
2011-11-03T00:00:00.000Z,39.44996262
2011-11-10T00:00:00.000Z,39.40129089
2011-11-17T00:00:00.000Z,39.66157532
2011-11-24T00:00:00.000Z,39.73146439
2011-12-01T00:00:00.000Z,39.29685974
2011-12-08T00:00:00.000Z,39.17177582
2011-12-15T00:00:00.000Z,39.48197556
2011-12-22T00:00:00.000Z,39.22331619
2011-12-29T00:00:00.000Z,39.23412704
2012-01-05T00:00:00.000Z,39.49455261
2012-01-12T00:00:00.000Z,39.5986557
2012-01-19T00:00:00.000Z,39.50403214
2012-01-26T00:00:00.000Z,39.19547653
2012-02-02T00:00:00.000Z,39.13978195
2012-02-09T00:00:00.000Z,39.23850632
2012-02-16T00:00:00.000Z,39.0153656
2012-02-23T00:00:00.000Z,39.03972626
2012-03-01T00:00:00.000Z,38.97846603
2012-03-08T00:00:00.000Z,38.50274277
2012-03-15T00:00:00.000Z,38.80361176
2012-03-22T00:00:00.000Z,38.83332443
2012-03-29T00:00:00.000Z,38.59009933
2012-04-05T00:00:00.000Z,38.43223572
2012-04-12T00:00:00.000Z,38.36540222
2012-04-19T00:00:00.000Z,38.00456619
2012-04-26T00:00:00.000Z,38.53625107
2012-05-03T00:00:00.000Z,38.65899658
2012-05-10T00:00:00.000Z,38.61082077
2012-05-17T00:00:00.000Z,38.96675873
2012-05-24T00:00:00.000Z,39.5738945
2012-05-31T00:00:00.000Z,39.10468674
2012-06-07T00:00:00.000Z,38.85856247
2012-06-14T00:00:00.000Z,38.83049774
2012-06-21T00:00:00.000Z,38.82756805
2012-06-28T00:00:00.000Z,38.79904938
2012-07-05T00:00:00.000Z,38.58732986
2012-07-12T00:00:00.000Z,38.49793625
2012-07-19T00:00:00.000Z,38.02135468
2012-07-26T00:00:00.000Z,38.37807465
2012-08-02T00:00:00.000Z,39.05992508
2012-08-09T00:00:00.000Z,38.91529465
2012-08-16T00:00:00.000Z,39.325737
2012-08-23T00:00:00.000Z,39.95601654
2012-08-30T00:00:00.000Z,40.06584549
2012-09-06T00:00:00.000Z,39.83863068
2012-09-13T00:00:00.000Z,39.68464661
2012-09-20T00:00:00.000Z,39.1093483
2012-09-27T00:00:00.000Z,38.70721436
2012-10-04T00:00:00.000Z,38.7776413
2012-10-11T00:00:00.000Z,39.50176239
2012-10-18T00:00:00.000Z,39.28102875
2012-10-25T00:00:00.000Z,39.19197083
2012-11-01T00:00:00.000Z,39.38834763
2012-11-08T00:00:00.000Z,39.49007797
2012-11-15T00:00:00.000Z,39.36445618
2012-11-22T00:00:00.000Z,39.44995117
2012-11-29T00:00:00.000Z,39.34479904
2012-12-06T00:00:00.000Z,38.77157974
2012-12-13T00:00:00.000Z,38.84831238
2012-12-20T00:00:00.000Z,39.50433731
2012-12-27T00:00:00.000Z,39.50695038
2013-01-03T00:00:00.000Z,39.63287354
2013-01-10T00:00:00.000Z,39.30635071
2013-01-17T00:00:00.000Z,38.89282608
2013-01-24T00:00:00.000Z,38.86826324
2013-01-31T00:00:00.000Z,38.64540863
2013-02-07T00:00:00.000Z,39.02163315
2013-02-14T00:00:00.000Z,39.19330597
2013-02-21T00:00:00.000Z,38.94686508
2013-02-28T00:00:00.000Z,38.60619736
2013-03-07T00:00:00.000Z,39.14510727
2013-03-14T00:00:00.000Z,39.20057678
2013-03-21T00:00:00.000Z,39.12457657
2013-03-28T00:00:00.000Z,38.63700867
2013-04-04T00:00:00.000Z,38.24344254
2013-04-11T00:00:00.000Z,38.24024963
2013-04-18T00:00:00.000Z,38.75548172
2013-04-25T00:00:00.000Z,39.08627701
2013-05-02T00:00:00.000Z,38.81622696
2013-05-09T00:00:00.000Z,38.78756332
2013-05-16T00:00:00.000Z,38.68183899
2013-05-23T00:00:00.000Z,38.55727386
2013-05-30T00:00:00.000Z,39.12534714
2013-06-06T00:00:00.000Z,39.2474556
2013-06-13T00:00:00.000Z,39.20934677
2013-06-20T00:00:00.000Z,39.11600113
2013-06-27T00:00:00.000Z,38.11182404
2013-07-04T00:00:00.000Z,38.80635452
2013-07-11T00:00:00.000Z,38.70245743
2013-07-18T00:00:00.000Z,38.78054428
2013-07-25T00:00:00.000Z,38.99826813
2013-08-01T00:00:00.000Z,39.10538483
2013-08-08T00:00:00.000Z,39.34071732
2013-08-15T00:00:00.000Z,38.78900909
2013-08-22T00:00:00.000Z,38.62690735
2013-08-29T00:00:00.000Z,39.53155518
2013-09-05T00:00:00.000Z,39.75285721
2013-09-12T00:00:00.000Z,39.36817932
2013-09-19T00:00:00.000Z,38.88892746
2013-09-26T00:00:00.000Z,39.19731903
2013-10-03T00:00:00.000Z,40.24893188
2013-10-10T00:00:00.000Z,40.02454758
2013-10-17T00:00:00.000Z,38.9114418
2013-10-24T00:00:00.000Z,38.66288757
2013-10-31T00:00:00.000Z,39.73339462
2013-11-07T00:00:00.000Z,39.43897629
2013-11-14T00:00:00.000Z,39.58978653
2013-11-21T00:00:00.000Z,39.37625122
2013-11-28T00:00:00.000Z,38.88292694
2013-12-05T00:00:00.000Z,39.43059921
2013-12-12T00:00:00.000Z,39.32777023
2013-12-19T00:00:00.000Z,39.20695877
2013-12-26T00:00:00.000Z,39.26652527
2014-01-02T00:00:00.000Z,39.97068787
2014-01-09T00:00:00.000Z,39.82632065
2014-01-16T00:00:00.000Z,39.03742218
2014-01-23T00:00:00.000Z,38.93575287
2014-01-30T00:00:00.000Z,38.8000412
2014-02-06T00:00:00.000Z,39.41565704
2014-02-13T00:00:00.000Z,39.61931992
2014-02-20T00:00:00.000Z,39.5288887
2014-02-27T00:00:00.000Z,39.47169495
2014-03-06T00:00:00.000Z,38.89663696
2014-03-13T00:00:00.000Z,38.82051849
2014-03-20T00:00:00.000Z,39.1307869
2014-03-27T00:00:00.000Z,39.27196503
2014-04-03T00:00:00.000Z,39.03753281
2014-04-10T00:00:00.000Z,38.73228073
2014-04-17T00:00:00.000Z,39.28425217
2014-04-24T00:00:00.000Z,39.26044846
2014-05-01T00:00:00.000Z,39.03928757
2014-05-08T00:00:00.000Z,39.05706406
2014-05-15T00:00:00.000Z,39.00907898
2014-05-22T00:00:00.000Z,38.36156464
2014-05-29T00:00:00.000Z,38.07760239
2014-06-05T00:00:00.000Z,38.60837555
2014-06-12T00:00:00.000Z,38.75276947
2014-06-19T00:00:00.000Z,38.54237747
2014-06-26T00:00:00.000Z,38.65364075
2014-07-03T00:00:00.000Z,38.63490295
2014-07-10T00:00:00.000Z,38.53856277
2014-07-17T00:00:00.000Z,38.93178558
2014-07-24T00:00:00.000Z,38.75613785
2014-07-31T00:00:00.000Z,38.70954514
2014-08-07T00:00:00.000Z,38.66191483
2014-08-14T00:00:00.000Z,39.39073563
2014-08-21T00:00:00.000Z,39.21092606
2014-08-28T00:00:00.000Z,38.68227386
2014-09-04T00:00:00.000Z,38.8182869
2014-09-11T00:00:00.000Z,39.21619034
2014-09-18T00:00:00.000Z,38.81382751
2014-09-25T00:00:00.000Z,38.60977173
2014-10-02T00:00:00.000Z,39.39131165
2014-10-09T00:00:00.000Z,39.47152328
2014-10-16T00:00:00.000Z,39.09072495
2014-10-23T00:00:00.000Z,38.81554794
2014-10-30T00:00:00.000Z,39.07762909
2014-11-06T00:00:00.000Z,39.02712631
2014-11-13T00:00:00.000Z,38.9527092
2014-11-20T00:00:00.000Z,39.2663765
2014-11-27T00:00:00.000Z,39.39976883
2014-12-04T00:00:00.000Z,39.04583359
2014-12-11T00:00:00.000Z,39.65072632
2014-12-18T00:00:00.000Z,39.60174942
2014-12-25T00:00:00.000Z,39.20816803
2015-01-01T00:00:00.000Z,39.02455902
2015-01-08T00:00:00.000Z,38.79930878
2015-01-15T00:00:00.000Z,38.88248825
2015-01-22T00:00:00.000Z,38.95969772
2015-01-29T00:00:00.000Z,38.68569946
2015-02-05T00:00:00.000Z,38.85352325
2015-02-12T00:00:00.000Z,39.00627518
2015-02-19T00:00:00.000Z,38.94865799
2015-02-26T00:00:00.000Z,39.38316727
2015-03-05T00:00:00.000Z,38.81287003
2015-03-12T00:00:00.000Z,38.8616066
2015-03-19T00:00:00.000Z,38.98580551
2015-03-26T00:00:00.000Z,38.75765228
2015-04-02T00:00:00.000Z,38.17967224
2015-04-09T00:00:00.000Z,38.5155983
2015-04-16T00:00:00.000Z,38.36325073
2015-04-23T00:00:00.000Z,38.90422821
2015-04-30T00:00:00.000Z,39.24295425
2015-05-07T00:00:00.000Z,38.94753265
2015-05-14T00:00:00.000Z,38.59528732
2015-05-21T00:00:00.000Z,38.45700455
2015-05-28T00:00:00.000Z,38.73445892
2015-06-04T00:00:00.000Z,38.42507935
2015-06-11T00:00:00.000Z,38.38970566
2015-06-18T00:00:00.000Z,39.06476212
2015-06-25T00:00:00.000Z,38.71865082
2015-07-02T00:00:00.000Z,38.54512024
2015-07-09T00:00:00.000Z,38.60213852
2015-07-16T00:00:00.000Z,38.42992783
2015-07-23T00:00:00.000Z,38.89239883
2015-07-30T00:00:00.000Z,38.58239365
2015-08-06T00:00:00.000Z,38.6097374
2015-08-13T00:00:00.000Z,39.46679306
2015-08-20T00:00:00.000Z,39.35495758
2015-08-27T00:00:00.000Z,39.47015762
2015-09-03T00:00:00.000Z,39.74922943
2015-09-10T00:00:00.000Z,39.51453018
2015-09-17T00:00:00.000Z,39.95288086
2015-09-24T00:00:00.000Z,39.7912178
2015-10-01T00:00:00.000Z,39.5057373
2015-10-08T00:00:00.000Z,39.64660263
2015-10-15T00:00:00.000Z,39.24767303
2015-10-22T00:00:00.000Z,39.24630356
2015-10-29T00:00:00.000Z,38.81710815
2015-11-05T00:00:00.000Z,38.5102005
2015-11-12T00:00:00.000Z,38.84581757
2015-11-19T00:00:00.000Z,39.47873306
2015-11-26T00:00:00.000Z,39.71415329
2015-12-03T00:00:00.000Z,39.3982811
2015-12-10T00:00:00.000Z,39.27545929
2015-12-17T00:00:00.000Z,39.52590179
2015-12-24T00:00:00.000Z,39.23682785
2015-12-31T00:00:00.000Z,39.10871124
2016-01-07T00:00:00.000Z,38.45845413
2016-01-14T00:00:00.000Z,38.85373688
2016-01-21T00:00:00.000Z,39.56492233
2016-01-28T00:00:00.000Z,39.11503601
2016-02-04T00:00:00.000Z,38.67255783
2016-02-11T00:00:00.000Z,38.72277451
2016-02-18T00:00:00.000Z,39.04983139
2016-02-25T00:00:00.000Z,38.75760651
2016-03-03T00:00:00.000Z,38.36952972
2016-03-10T00:00:00.000Z,38.33364105
2016-03-17T00:00:00.000Z,38.73797607
2016-03-24T00:00:00.000Z,38.79732132
2016-03-31T00:00:00.000Z,38.48474503
2016-04-07T00:00:00.000Z,38.99896622
2016-04-14T00:00:00.000Z,38.93828201
2016-04-21T00:00:00.000Z,39.03115463
2016-04-28T00:00:00.000Z,39.1800766
2016-05-05T00:00:00.000Z,38.41167068
2016-05-12T00:00:00.000Z,38.7633934
2016-05-19T00:00:00.000Z,38.45588303
2016-05-26T00:00:00.000Z,38.20318222
2016-06-02T00:00:00.000Z,38.17492294
2016-06-09T00:00:00.000Z,38.4801445
2016-06-16T00:00:00.000Z,38.48321152
2016-06-23T00:00:00.000Z,38.69574738
2016-06-30T00:00:00.000Z,38.65617752
2016-07-07T00:00:00.000Z,38.59039688
2016-07-14T00:00:00.000Z,38.70292664
2016-07-21T00:00:00.000Z,38.00001526
2016-07-28T00:00:00.000Z,38.21910858
2016-08-04T00:00:00.000Z,38.54164124
2016-08-11T00:00:00.000Z,38.52673721
2016-08-18T00:00:00.000Z,38.82779312
2016-08-25T00:00:00.000Z,38.59957886
2016-09-01T00:00:00.000Z,38.45015335
2016-09-08T00:00:00.000Z,38.91409683
2016-09-15T00:00:00.000Z,38.88879013
2016-09-22T00:00:00.000Z,39.07400131
2016-09-29T00:00:00.000Z,39.21215057
2016-10-06T00:00:00.000Z,38.69567108
2016-10-13T00:00:00.000Z,38.92337799
2016-10-20T00:00:00.000Z,39.14385223
2016-10-27T00:00:00.000Z,39.36991501
2016-11-03T00:00:00.000Z,39.40639114
2016-11-10T00:00:00.000Z,39.13957977
2016-11-17T00:00:00.000Z,39.47553253
2016-11-24T00:00:00.000Z,39.54133606
2016-12-01T00:00:00.000Z,39.18138885
2016-12-08T00:00:00.000Z,39.18801498
2016-12-15T00:00:00.000Z,39.37286377
2016-12-22T00:00:00.000Z,39.09362411
2016-12-29T00:00:00.000Z,39.27444077
2017-01-05T00:00:00.000Z,38.79640961
2017-01-12T00:00:00.000Z,39.19024277
2017-01-19T00:00:00.000Z,38.88033676
2017-01-26T00:00:00.000Z,38.80871964
2017-02-02T00:00:00.000Z,38.74906921
2017-02-09T00:00:00.000Z,39.0501709
2017-02-16T00:00:00.000Z,39.55017853
2017-02-23T00:00:00.000Z,39.43107986
2017-03-02T00:00:00.000Z,39.48506546
2017-03-09T00:00:00.000Z,38.83137512
2017-03-16T00:00:00.000Z,38.87869644
2017-03-23T00:00:00.000Z,39.08587646
2017-03-30T00:00:00.000Z,38.81546783
2017-04-06T00:00:00.000Z,38.9718399
2017-04-13T00:00:00.000Z,38.76077271
2017-04-20T00:00:00.000Z,38.82131577
2017-04-27T00:00:00.000Z,38.82899857
2017-05-04T00:00:00.000Z,38.55501175
2017-05-11T00:00:00.000Z,38.99893188
2017-05-18T00:00:00.000Z,38.63367844
2017-05-25T00:00:00.000Z,39.01239395
2017-06-01T00:00:00.000Z,38.78044891
2017-06-08T00:00:00.000Z,38.70263672
2017-06-15T00:00:00.000Z,38.94118881
2017-06-22T00:00:00.000Z,38.95002365
2017-06-29T00:00:00.000Z,38.87278748
2017-07-06T00:00:00.000Z,38.71056366
2017-07-13T00:00:00.000Z,38.39761353
2017-07-20T00:00:00.000Z,38.58271408
2017-07-27T00:00:00.000Z,39.0526123
2017-08-03T00:00:00.000Z,39.17871094
2017-08-10T00:00:00.000Z,39.26089859
2017-08-17T00:00:00.000Z,39.01101685
2017-08-24T00:00:00.000Z,38.83604431
2017-08-31T00:00:00.000Z,39.33605957
2017-09-07T00:00:00.000Z,39.42664719
2017-09-14T00:00:00.000Z,39.42081451
2017-09-21T00:00:00.000Z,39.53382874
2017-09-28T00:00:00.000Z,39.14382935
2017-10-05T00:00:00.000Z,39.27051544
2017-10-12T00:00:00.000Z,39.75320435
2017-10-19T00:00:00.000Z,39.60303116
2017-10-26T00:00:00.000Z,39.18493652
2017-11-02T00:00:00.000Z,39.20848083
2017-11-09T00:00:00.000Z,39.00749207
2017-11-16T00:00:00.000Z,39.24295425
2017-11-23T00:00:00.000Z,39.69625092
2017-11-30T00:00:00.000Z,39.42329407
2017-12-07T00:00:00.000Z,38.94132233
2017-12-14T00:00:00.000Z,38.747612
2017-12-21T00:00:00.000Z,39.01253891
2017-12-28T00:00:00.000Z,38.60354996
2018-01-04T00:00:00.000Z,38.72520065
2018-01-11T00:00:00.000Z,39.03588867
2018-01-18T00:00:00.000Z,39.24875641
2018-01-25T00:00:00.000Z,39.59159088
2018-02-01T00:00:00.000Z,39.57917404
2018-02-08T00:00:00.000Z,39.73741913
2018-02-15T00:00:00.000Z,39.38773727
2018-02-22T00:00:00.000Z,39.03834534
2018-03-01T00:00:00.000Z,38.81131363
2018-03-08T00:00:00.000Z,38.44866943
2018-03-15T00:00:00.000Z,39.07757187
2018-03-22T00:00:00.000Z,39.00363541
2018-03-29T00:00:00.000Z,38.78080368
2018-04-05T00:00:00.000Z,39.13803482
2018-04-12T00:00:00.000Z,39.33821869
2018-04-19T00:00:00.000Z,38.86455154
2018-04-26T00:00:00.000Z,38.81860733
2018-05-03T00:00:00.000Z,38.85933304
2018-05-10T00:00:00.000Z,38.869133
2018-05-17T00:00:00.000Z,39.07984161
2018-05-24T00:00:00.000Z,38.61949921
2018-05-31T00:00:00.000Z,38.69019318
2018-06-07T00:00:00.000Z,38.95764923
2018-06-14T00:00:00.000Z,38.84258652
2018-06-21T00:00:00.000Z,39.18245697
2018-06-28T00:00:00.000Z,39.35449219
2018-07-05T00:00:00.000Z,39.22613525
2018-07-12T00:00:00.000Z,39.30839157
2018-07-19T00:00:00.000Z,39.13660049
2018-07-26T00:00:00.000Z,39.09832001
2018-08-02T00:00:00.000Z,39.03722763
2018-08-09T00:00:00.000Z,38.90525818
2018-08-16T00:00:00.000Z,38.97473145
2018-08-23T00:00:00.000Z,39.57935333
2018-08-30T00:00:00.000Z,39.68914032
2018-09-06T00:00:00.000Z,39.65869904
2018-09-13T00:00:00.000Z,40.22335052
2018-09-20T00:00:00.000Z,39.95250702
2018-09-27T00:00:00.000Z,39.15185928
2018-10-04T00:00:00.000Z,39.3947258
2018-10-11T00:00:00.000Z,39.48309326
2018-10-18T00:00:00.000Z,39.60145187
2018-10-25T00:00:00.000Z,39.2367363
2018-11-01T00:00:00.000Z,39.33392334
2018-11-08T00:00:00.000Z,39.85949707
2018-11-15T00:00:00.000Z,39.71746063
2018-11-22T00:00:00.000Z,39.4163208
2018-11-29T00:00:00.000Z,39.15620804
2018-12-06T00:00:00.000Z,39.17603302
2018-12-13T00:00:00.000Z,39.46244431
2018-12-20T00:00:00.000Z,39.17565536
2018-12-27T00:00:00.000Z,39.3110733
2019-01-03T00:00:00.000Z,38.44446182
2019-01-10T00:00:00.000Z,38.83955002
2019-01-17T00:00:00.000Z,38.75313568
2019-01-24T00:00:00.000Z,38.8373642
2019-01-31T00:00:00.000Z,39.1785965
2019-02-07T00:00:00.000Z,39.283535
2019-02-14T00:00:00.000Z,38.93613434
2019-02-21T00:00:00.000Z,39.11266708
2019-02-28T00:00:00.000Z,38.98582458
2019-03-07T00:00:00.000Z,38.73234558
2019-03-14T00:00:00.000Z,38.33206177
2019-03-21T00:00:00.000Z,38.07104111
2019-03-28T00:00:00.000Z,38.64981842
2019-04-04T00:00:00.000Z,38.94689941
2019-04-11T00:00:00.000Z,38.54615402
2019-04-18T00:00:00.000Z,38.89386749
2019-04-25T00:00:00.000Z,38.87979507
2019-05-02T00:00:00.000Z,38.91539764
2019-05-09T00:00:00.000Z,39.24578476
2019-05-16T00:00:00.000Z,39.28810883
2019-05-23T00:00:00.000Z,39.4153862
2019-05-30T00:00:00.000Z,38.47169876
2019-06-06T00:00:00.000Z,38.32188416
2019-06-13T00:00:00.000Z,39.07080078
2019-06-20T00:00:00.000Z,38.62933731
2019-06-27T00:00:00.000Z,38.43327713
2019-07-04T00:00:00.000Z,39.647686
2019-07-11T00:00:00.000Z,39.19145966
2019-07-18T00:00:00.000Z,38.49811554
2019-07-25T00:00:00.000Z,38.99797821
2019-08-01T00:00:00.000Z,38.66485214
2019-08-08T00:00:00.000Z,39.33343506
2019-08-15T00:00:00.000Z,39.44462204
2019-08-22T00:00:00.000Z,39.56879807
2019-08-29T00:00:00.000Z,39.90744781
2019-09-05T00:00:00.000Z,40.20180511
2019-09-12T00:00:00.000Z,39.93611145
2019-09-19T00:00:00.000Z,39.03394318
2019-09-26T00:00:00.000Z,38.78878021
2019-10-03T00:00:00.000Z,39.25738144
2019-10-10T00:00:00.000Z,38.88383865
2019-10-17T00:00:00.000Z,39.17142105
2019-10-24T00:00:00.000Z,39.39492035
2019-10-31T00:00:00.000Z,39.29418564
2019-11-07T00:00:00.000Z,39.0357666
2019-11-14T00:00:00.000Z,38.90341568
2019-11-21T00:00:00.000Z,38.7448349
2019-11-28T00:00:00.000Z,38.93134308
2019-12-05T00:00:00.000Z,38.91479111
2019-12-12T00:00:00.000Z,38.6425209
2019-12-19T00:00:00.000Z,39.044487
2019-12-26T00:00:00.000Z,38.74533081
2020-01-02T00:00:00.000Z,38.43728256
2020-01-09T00:00:00.000Z,38.7952919
2020-01-16T00:00:00.000Z,38.39841843
2020-01-23T00:00:00.000Z,39.08826828
2020-01-30T00:00:00.000Z,38.91297913
2020-02-06T00:00:00.000Z,38.4050293
2020-02-13T00:00:00.000Z,39.38616943
2020-02-20T00:00:00.000Z,38.9199028
2020-02-27T00:00:00.000Z,38.61758041
2020-03-05T00:00:00.000Z,39.11199188
2020-03-12T00:00:00.000Z,38.66408539
2020-03-19T00:00:00.000Z,38.11712265
2020-03-26T00:00:00.000Z,38.1333847
2020-04-02T00:00:00.000Z,38.1638031
2020-04-09T00:00:00.000Z,38.37212372
2020-04-16T00:00:00.000Z,38.25736237
2020-04-23T00:00:00.000Z,38.71339035
2020-04-30T00:00:00.000Z,38.96247482
2020-05-07T00:00:00.000Z,38.93665695
2020-05-14T00:00:00.000Z,38.83657455
2020-05-21T00:00:00.000Z,38.22615814
2020-05-28T00:00:00.000Z,38.00775528
2020-06-04T00:00:00.000Z,38.58620071
2020-06-11T00:00:00.000Z,38.36266708
2020-06-18T00:00:00.000Z,38.17067337
2020-06-25T00:00:00.000Z,38.29024124
2020-07-02T00:00:00.000Z,38.45732117
2020-07-09T00:00:00.000Z,38.411026
2020-07-16T00:00:00.000Z,37.99726868
2020-07-23T00:00:00.000Z,38.29054642
2020-07-30T00:00:00.000Z,38.57434845
2020-08-06T00:00:00.000Z,38.49457932
2020-08-13T00:00:00.000Z,38.64484024
2020-08-20T00:00:00.000Z,38.95929718
2020-08-27T00:00:00.000Z,39.39219284
2020-09-03T00:00:00.000Z,38.94102859
2020-09-10T00:00:00.000Z,39.47333145
2020-09-17T00:00:00.000Z,39.94309616
2020-09-24T00:00:00.000Z,39.87624359
2020-10-01T00:00:00.000Z,39.6622467
2020-10-08T00:00:00.000Z,39.20269394
2020-10-15T00:00:00.000Z,39.27151108
2020-10-22T00:00:00.000Z,39.48185349
2020-10-29T00:00:00.000Z,38.9128952
2020-11-05T00:00:00.000Z,38.92710495
2020-11-12T00:00:00.000Z,38.34747314
2020-11-19T00:00:00.000Z,39.07902908
2020-11-26T00:00:00.000Z,39.13645172
2020-12-03T00:00:00.000Z,38.70049667
2020-12-10T00:00:00.000Z,39.13585663
2020-12-17T00:00:00.000Z,39.00539398
2020-12-24T00:00:00.000Z,39.13384628
2020-12-31T00:00:00.000Z,39.22945786
2021-01-07T00:00:00.000Z,38.82573318
2021-01-14T00:00:00.000Z,39.23827744
2021-01-21T00:00:00.000Z,39.30578995
2021-01-28T00:00:00.000Z,38.62197113
2021-02-04T00:00:00.000Z,38.79771423
2021-02-11T00:00:00.000Z,39.07187653
2021-02-18T00:00:00.000Z,38.91184235
2021-02-25T00:00:00.000Z,38.95349503
2021-03-04T00:00:00.000Z,39.37901688
2021-03-11T00:00:00.000Z,39.18245697
2021-03-18T00:00:00.000Z,38.97325134
2021-03-25T00:00:00.000Z,38.76402664
2021-04-01T00:00:00.000Z,38.38851166
2021-04-08T00:00:00.000Z,38.29380417
2021-04-15T00:00:00.000Z,38.42871857
2021-04-22T00:00:00.000Z,38.35222626
2021-04-29T00:00:00.000Z,38.59353638
2021-05-06T00:00:00.000Z,38.38604736
2021-05-13T00:00:00.000Z,38.92564774
2021-05-20T00:00:00.000Z,38.6905899
2021-05-27T00:00:00.000Z,
2021-06-03T00:00:00.000Z,38.57248306
2021-06-10T00:00:00.000Z,38.52526474
2021-06-17T00:00:00.000Z,38.51833344
2021-06-24T00:00:00.000Z,39.3317337
2021-07-01T00:00:00.000Z,38.48833084
2021-07-08T00:00:00.000Z,38.45497513
2021-07-15T00:00:00.000Z,38.21636963
2021-07-22T00:00:00.000Z,38.74631882
2021-07-29T00:00:00.000Z,38.61296082
2021-08-05T00:00:00.000Z,38.78124619
2021-08-12T00:00:00.000Z,39.194664
2021-08-19T00:00:00.000Z,39.30252457
2021-08-26T00:00:00.000Z,39.47911835
2021-09-02T00:00:00.000Z,39.13837814
2021-09-09T00:00:00.000Z,39.27701187
2021-09-16T00:00:00.000Z,39.77946472
2021-09-23T00:00:00.000Z,39.58749008
2021-09-30T00:00:00.000Z,39.08844757
2021-10-07T00:00:00.000Z,38.78591919
2021-10-14T00:00:00.000Z,38.92049026
2021-10-21T00:00:00.000Z,38.92852402
2021-10-28T00:00:00.000Z,39.33317947
2021-11-04T00:00:00.000Z,39.13855743
2021-11-11T00:00:00.000Z,38.88203812
2021-11-18T00:00:00.000Z,38.90707779
2021-11-25T00:00:00.000Z,38.96515656
2021-12-02T00:00:00.000Z,38.9616127
2021-12-09T00:00:00.000Z,38.92856216
2021-12-16T00:00:00.000Z,38.52265167
2021-12-23T00:00:00.000Z,39.80114746
2021-12-30T00:00:00.000Z,39.43777084
2022-01-06T00:00:00.000Z,39.12715912
2022-01-13T00:00:00.000Z,39.03379059
2022-01-20T00:00:00.000Z,39.02928543
2022-01-27T00:00:00.000Z,39.05381012
2022-02-03T00:00:00.000Z,39.13129807
2022-02-10T00:00:00.000Z,38.97496033
2022-02-17T00:00:00.000Z,39.22245026
2022-02-24T00:00:00.000Z,39.31151199
2022-03-03T00:00:00.000Z,38.5619278
2022-03-10T00:00:00.000Z,38.76424789
2022-03-17T00:00:00.000Z,38.67941284
2022-03-24T00:00:00.000Z,38.48966217
2022-03-31T00:00:00.000Z,38.65774918
2022-04-07T00:00:00.000Z,38.0800972
2022-04-14T00:00:00.000Z,37.8614502
2022-04-21T00:00:00.000Z,38.33311844
2022-04-28T00:00:00.000Z,38.59912491
2022-05-05T00:00:00.000Z,38.47200394
2022-05-12T00:00:00.000Z,38.52812195
2022-05-19T00:00:00.000Z,38.47314453
2022-05-26T00:00:00.000Z,38.71272278
2022-06-02T00:00:00.000Z,38.91731644
2022-06-09T00:00:00.000Z,38.65855789
2022-06-16T00:00:00.000Z,39.0136261
2022-06-23T00:00:00.000Z,38.74903107
2022-06-30T00:00:00.000Z,38.40866852
2022-07-07T00:00:00.000Z,38.96446991
2022-07-14T00:00:00.000Z,38.58753204
2022-07-21T00:00:00.000Z,38.48843384
2022-07-28T00:00:00.000Z,38.76407623
2022-08-04T00:00:00.000Z,38.59083176
2022-08-11T00:00:00.000Z,38.75961304
2022-08-18T00:00:00.000Z,39.26179504
2022-08-25T00:00:00.000Z,38.70807648
2022-09-01T00:00:00.000Z,39.10397339
2022-09-08T00:00:00.000Z,39.21524048
2022-09-15T00:00:00.000Z,39.26119614
2022-09-22T00:00:00.000Z,38.98336792
2022-09-29T00:00:00.000Z,39.46404266
2022-10-06T00:00:00.000Z,38.81259537
2022-10-13T00:00:00.000Z,38.77610397
2022-10-20T00:00:00.000Z,39.21749496
2022-10-27T00:00:00.000Z,39.18731308
2022-11-03T00:00:00.000Z,38.99610519
2022-11-10T00:00:00.000Z,39.40462875
2022-11-17T00:00:00.000Z,39.32068634
2022-11-24T00:00:00.000Z,38.96089172
2022-12-01T00:00:00.000Z,38.75991058
2022-12-08T00:00:00.000Z,38.65956879
2022-12-15T00:00:00.000Z,38.5496521
2022-12-22T00:00:00.000Z,38.68610764
2022-12-29T00:00:00.000Z,39.17396545
2023-01-05T00:00:00.000Z,39.3227005
2023-01-12T00:00:00.000Z,39.20200729
2023-01-19T00:00:00.000Z,39.16459656
2023-01-26T00:00:00.000Z,39.06689835
2023-02-02T00:00:00.000Z,39.12272644
2023-02-09T00:00:00.000Z,39.30699158
2023-02-16T00:00:00.000Z,39.16519165
2023-02-23T00:00:00.000Z,39.16044235
2023-03-02T00:00:00.000Z,38.70803833
2023-03-09T00:00:00.000Z,38.86780167
2023-03-16T00:00:00.000Z,38.97813797
2023-03-23T00:00:00.000Z,38.85858154
2023-03-30T00:00:00.000Z,38.45279312
2023-04-06T00:00:00.000Z,38.26964951
2023-04-13T00:00:00.000Z,38.47524261
2023-04-20T00:00:00.000Z,38.32360458
2023-04-27T00:00:00.000Z,38.62089539
2023-05-04T00:00:00.000Z,38.79433823
2023-05-11T00:00:00.000Z,39.13902283
2023-05-18T00:00:00.000Z,39.00140762
2023-05-25T00:00:00.000Z,38.23661041
2023-06-01T00:00:00.000Z,38.30117035
2023-06-08T00:00:00.000Z,38.13065338
2023-06-15T00:00:00.000Z,38.32209396
2023-06-22T00:00:00.000Z,38.96813202
2023-06-29T00:00:00.000Z,38.87517929
2023-07-06T00:00:00.000Z,38.11533356
2023-07-13T00:00:00.000Z,38.72581482
2023-07-20T00:00:00.000Z,38.76317596
2023-07-27T00:00:00.000Z,39.14213943
2023-08-03T00:00:00.000Z,39.2556572
2023-08-10T00:00:00.000Z,38.89017487
2023-08-17T00:00:00.000Z,38.92052078
2023-08-24T00:00:00.000Z,39.47141266
2023-08-31T00:00:00.000Z,39.59701157
2023-09-07T00:00:00.000Z,39.77200317
2023-09-14T00:00:00.000Z,39.80689621
2023-09-21T00:00:00.000Z,39.5270195
2023-09-28T00:00:00.000Z,39.27136993
2023-10-05T00:00:00.000Z,39.49635696
2023-10-12T00:00:00.000Z,39.36520004
2023-10-19T00:00:00.000Z,39.30810928
2023-10-26T00:00:00.000Z,39.02748108
2023-11-02T00:00:00.000Z,39.28958893
2023-11-09T00:00:00.000Z,39.57344055
2023-11-16T00:00:00.000Z,39.5812149
2023-11-23T00:00:00.000Z,39.53818893
2023-11-30T00:00:00.000Z,39.23170471
2023-12-07T00:00:00.000Z,39.33161926
2023-12-14T00:00:00.000Z,39.6930542
2023-12-21T00:00:00.000Z,39.6983757
2023-12-28T00:00:00.000Z,39.33269119
2024-01-04T00:00:00.000Z,38.89736557
2024-01-11T00:00:00.000Z,38.94159698
2024-01-18T00:00:00.000Z,39.17175293
2024-01-25T00:00:00.000Z,39.22986603
2024-02-01T00:00:00.000Z,39.8915863
2024-02-08T00:00:00.000Z,39.61881256
2024-02-15T00:00:00.000Z,39.24450684
2024-02-22T00:00:00.000Z,39.00294113
2024-02-29T00:00:00.000Z,38.98768616
2024-03-07T00:00:00.000Z,39.24999237
2024-03-14T00:00:00.000Z,39.68867111
2024-03-21T00:00:00.000Z,39.02025223
2024-03-28T00:00:00.000Z,38.71615601
2024-04-04T00:00:00.000Z,39.08083344
2024-04-11T00:00:00.000Z,38.67818069
2024-04-18T00:00:00.000Z,38.7015152
2024-04-25T00:00:00.000Z,38.79380417
2024-05-02T00:00:00.000Z,38.93207169
2024-05-09T00:00:00.000Z,39.05182266
2024-05-16T00:00:00.000Z,39.22176743
2024-05-23T00:00:00.000Z,39.10944366
2024-05-30T00:00:00.000Z,39.11237335
2024-06-06T00:00:00.000Z,38.70692444
2024-06-13T00:00:00.000Z,38.65578461
2024-06-20T00:00:00.000Z,38.69857025
2024-06-27T00:00:00.000Z,38.31914902
2024-07-04T00:00:00.000Z,38.70188522
2024-07-11T00:00:00.000Z,38.61730576
2024-07-18T00:00:00.000Z,38.50074005
2024-07-25T00:00:00.000Z,38.30223846
2024-08-01T00:00:00.000Z,38.83720016
2024-08-08T00:00:00.000Z,38.88378906
2024-08-15T00:00:00.000Z,39.27674103
2024-08-22T00:00:00.000Z,39.28806305
2024-08-29T00:00:00.000Z,40.08496857
2024-09-05T00:00:00.000Z,40.14326859
2024-09-12T00:00:00.000Z,39.47994614
2024-09-19T00:00:00.000Z,39.57226944
2024-09-26T00:00:00.000Z,39.2543602
2024-10-03T00:00:00.000Z,39.21014786
2024-10-10T00:00:00.000Z,39.65590286
2024-10-17T00:00:00.000Z,39.40909195
2024-10-24T00:00:00.000Z,39.25629425
2024-10-31T00:00:00.000Z,39.08565521
2024-11-07T00:00:00.000Z,38.93413925
2024-11-14T00:00:00.000Z,38.85907364
2024-11-21T00:00:00.000Z,39.30585861
2024-11-28T00:00:00.000Z,39.25971985
2024-12-05T00:00:00.000Z,39.16181183
2024-12-12T00:00:00.000Z,39.42921066
2024-12-19T00:00:00.000Z,39.17989349
2024-12-26T00:00:00.000Z,39.24514389
2025-01-02T00:00:00.000Z,39.04846573