time,lat,lon,depth_std,salinity
1960-01-01,21.0,37.5,5.0,38.630916595458984
1960-02-01,21.0,37.5,5.0,38.5323600769043
1960-03-01,21.0,37.5,5.0,39.36914825439453
1960-04-01,21.0,37.5,5.0,39.24303436279297
1960-05-01,21.0,37.5,5.0,39.492618560791016
1960-06-01,21.0,37.5,5.0,39.38146209716797
1960-07-01,21.0,37.5,5.0,38.670249938964844
1960-08-01,21.0,37.5,5.0,38.99092483520508
1960-09-01,21.0,37.5,5.0,38.81447982788086
1960-10-01,21.0,37.5,5.0,39.616355895996094
1960-11-01,21.0,37.5,5.0,39.36104965209961
1960-12-01,21.0,37.5,5.0,40.03240966796875
1961-01-01,21.0,37.5,5.0,39.49939727783203
1961-02-01,21.0,37.5,5.0,39.18705368041992
1961-03-01,21.0,37.5,5.0,39.03580856323242
1961-04-01,21.0,37.5,5.0,39.058837890625
1961-05-01,21.0,37.5,5.0,39.72846221923828
1961-06-01,21.0,37.5,5.0,39.60451126098633
1961-07-01,21.0,37.5,5.0,38.46654510498047
1961-08-01,21.0,37.5,5.0,39.05113220214844
1961-09-01,21.0,37.5,5.0,39.65865707397461
1961-10-01,21.0,37.5,5.0,39.79228210449219
1961-11-01,21.0,37.5,5.0,39.086490631103516
1961-12-01,21.0,37.5,5.0,39.36955642700195
1962-01-01,21.0,37.5,5.0,39.1230583190918
1962-02-01,21.0,37.5,5.0,39.048179626464844
1962-03-01,21.0,37.5,5.0,39.158660888671875
1962-04-01,21.0,37.5,5.0,38.69674301147461
1962-05-01,21.0,37.5,5.0,40.230979919433594
1962-06-01,21.0,37.5,5.0,39.165924072265625
1962-07-01,21.0,37.5,5.0,39.115264892578125
1962-08-01,21.0,37.5,5.0,39.501495361328125
1962-09-01,21.0,37.5,5.0,38.48919677734375
1962-10-01,21.0,37.5,5.0,38.625465393066406
1962-11-01,21.0,37.5,5.0,38.61491394042969
1962-12-01,21.0,37.5,5.0,38.808677673339844
1963-01-01,21.0,37.5,5.0,38.86074447631836
1963-02-01,21.0,37.5,5.0,38.75248718261719
1963-03-01,21.0,37.5,5.0,38.759281158447266
1963-04-01,21.0,37.5,5.0,38.58768081665039
1963-05-01,21.0,37.5,5.0,39.1411018371582
1963-06-01,21.0,37.5,5.0,39.27322769165039
1963-07-01,21.0,37.5,5.0,38.9761848449707
1963-08-01,21.0,37.5,5.0,39.75815200805664
1963-09-01,21.0,37.5,5.0,38.632667541503906
1963-10-01,21.0,37.5,5.0,39.76704406738281
1963-11-01,21.0,37.5,5.0,39.400081634521484
1963-12-01,21.0,37.5,5.0,39.494712829589844
1964-01-01,21.0,37.5,5.0,38.950164794921875
1964-02-01,21.0,37.5,5.0,39.03353500366211
1964-03-01,21.0,37.5,5.0,38.412872314453125
1964-04-01,21.0,37.5,5.0,38.533599853515625
1964-05-01,21.0,37.5,5.0,39.27779769897461
1964-06-01,21.0,37.5,5.0,38.74272155761719
1964-07-01,21.0,37.5,5.0,38.80087661743164
1964-08-01,21.0,37.5,5.0,39.231361389160156
1964-09-01,21.0,37.5,5.0,38.726173400878906
1964-10-01,21.0,37.5,5.0,39.78064727783203
1964-11-01,21.0,37.5,5.0,39.40149688720703
1964-12-01,21.0,37.5,5.0,39.64814376831055
1965-01-01,21.0,37.5,5.0,39.368873596191406
1965-02-01,21.0,37.5,5.0,38.98823165893555
1965-03-01,21.0,37.5,5.0,38.9185905456543
1965-04-01,21.0,37.5,5.0,38.88911437988281
1965-05-01,21.0,37.5,5.0,39.21025848388672
1965-06-01,21.0,37.5,5.0,38.72500991821289
1965-07-01,21.0,37.5,5.0,38.736907958984375
1965-08-01,21.0,37.5,5.0,39.83473205566406
1965-09-01,21.0,37.5,5.0,39.3325309753418
1965-10-01,21.0,37.5,5.0,39.68854904174805
1965-11-01,21.0,37.5,5.0,39.6722297668457
1965-12-01,21.0,37.5,5.0,39.34671401977539
1966-01-01,21.0,37.5,5.0,39.14994430541992
1966-02-01,21.0,37.5,5.0,38.909996032714844
1966-03-01,21.0,37.5,5.0,38.50138854980469
1966-04-01,21.0,37.5,5.0,38.70254898071289
1966-05-01,21.0,37.5,5.0,39.959110260009766
1966-06-01,21.0,37.5,5.0,39.46067810058594
1966-07-01,21.0,37.5,5.0,40.086585998535156
1966-08-01,21.0,37.5,5.0,40.25507736206055
1966-09-01,21.0,37.5,5.0,39.24715042114258
1966-10-01,21.0,37.5,5.0,39.51321029663086
1966-11-01,21.0,37.5,5.0,39.34134292602539
1966-12-01,21.0,37.5,5.0,39.763710021972656
1967-01-01,21.0,37.5,5.0,39.451377868652344
1967-02-01,21.0,37.5,5.0,38.88935089111328
1967-03-01,21.0,37.5,5.0,38.92082595825195
1967-04-01,21.0,37.5,5.0,38.50596618652344
1967-05-01,21.0,37.5,5.0,38.814693450927734
1967-06-01,21.0,37.5,5.0,39.10151290893555
1967-07-01,21.0,37.5,5.0,38.744476318359375
1967-08-01,21.0,37.5,5.0,39.36110305786133
1967-09-01,21.0,37.5,5.0,38.659141540527344
1967-10-01,21.0,37.5,5.0,39.24510192871094
1967-11-01,21.0,37.5,5.0,38.93131637573242
1967-12-01,21.0,37.5,5.0,39.43440628051758
1968-01-01,21.0,37.5,5.0,39.244842529296875
1968-02-01,21.0,37.5,5.0,39.13267517089844
1968-03-01,21.0,37.5,5.0,39.02458572387695
1968-04-01,21.0,37.5,5.0,38.89936065673828
1968-05-01,21.0,37.5,5.0,39.46096420288086
1968-06-01,21.0,37.5,5.0,39.164024353027344
1968-07-01,21.0,37.5,5.0,38.41549301147461
1968-08-01,21.0,37.5,5.0,39.419673919677734
1968-09-01,21.0,37.5,5.0,38.848690032958984
1968-10-01,21.0,37.5,5.0,39.276329040527344
1968-11-01,21.0,37.5,5.0,39.142330169677734
1968-12-01,21.0,37.5,5.0,39.42314147949219
1969-01-01,21.0,37.5,5.0,39.144996643066406
1969-02-01,21.0,37.5,5.0,38.531639099121094
1969-03-01,21.0,37.5,5.0,38.158267974853516
1969-04-01,21.0,37.5,5.0,38.20811462402344
1969-05-01,21.0,37.5,5.0,38.89179992675781
1969-06-01,21.0,37.5,5.0,38.6446418762207
1969-07-01,21.0,37.5,5.0,38.47886276245117
1969-08-01,21.0,37.5,5.0,39.122379302978516
1969-09-01,21.0,37.5,5.0,38.42456817626953
1969-10-01,21.0,37.5,5.0,39.10051345825195
1969-11-01,21.0,37.5,5.0,39.16695022583008
1969-12-01,21.0,37.5,5.0,39.36235427856445
1970-01-01,21.0,37.5,5.0,39.60503387451172
1970-02-01,21.0,37.5,5.0,39.7044792175293
1970-03-01,21.0,37.5,5.0,39.2138557434082
1970-04-01,21.0,37.5,5.0,39.22990036010742
1970-05-01,21.0,37.5,5.0,39.41550064086914
1970-06-01,21.0,37.5,5.0,39.01049041748047
1970-07-01,21.0,37.5,5.0,38.474369049072266
1970-08-01,21.0,37.5,5.0,38.839698791503906
1970-09-01,21.0,37.5,5.0,38.62169647216797
1970-10-01,21.0,37.5,5.0,39.42586135864258
1970-11-01,21.0,37.5,5.0,38.9492073059082
1970-12-01,21.0,37.5,5.0,39.57124710083008
1971-01-01,21.0,37.5,5.0,39.401851654052734
1971-02-01,21.0,37.5,5.0,38.84041213989258
1971-03-01,21.0,37.5,5.0,38.65375518798828
1971-04-01,21.0,37.5,5.0,38.69394302368164
1971-05-01,21.0,37.5,5.0,39.16950607299805
1971-06-01,21.0,37.5,5.0,39.0493278503418
1971-07-01,21.0,37.5,5.0,38.293785095214844
1971-08-01,21.0,37.5,5.0,38.93961715698242
1971-09-01,21.0,37.5,5.0,38.68027877807617
1971-10-01,21.0,37.5,5.0,39.04889678955078
1971-11-01,21.0,37.5,5.0,38.99607467651367
1971-12-01,21.0,37.5,5.0,39.2309455871582
1972-01-01,21.0,37.5,5.0,39.54473114013672
1972-02-01,21.0,37.5,5.0,39.122596740722656
1972-03-01,21.0,37.5,5.0,38.60326385498047
1972-04-01,21.0,37.5,5.0,38.59052658081055
1972-05-01,21.0,37.5,5.0,39.11955642700195
1972-06-01,21.0,37.5,5.0,38.734134674072266
1972-07-01,21.0,37.5,5.0,38.559913635253906
1972-08-01,21.0,37.5,5.0,39.04941940307617
1972-09-01,21.0,37.5,5.0,38.56568145751953
1972-10-01,21.0,37.5,5.0,39.072696685791016
1972-11-01,21.0,37.5,5.0,38.51420211791992
1972-12-01,21.0,37.5,5.0,39.41606521606445
1973-01-01,21.0,37.5,5.0,39.42184066772461
1973-02-01,21.0,37.5,5.0,38.74272537231445
1973-03-01,21.0,37.5,5.0,38.60148239135742
1973-04-01,21.0,37.5,5.0,38.396827697753906
1973-05-01,21.0,37.5,5.0,38.99711608886719
1973-06-01,21.0,37.5,5.0,39.20561599731445
1973-07-01,21.0,37.5,5.0,38.21117401123047
1973-08-01,21.0,37.5,5.0,39.058921813964844
1973-09-01,21.0,37.5,5.0,38.2916374206543
1973-10-01,21.0,37.5,5.0,39.15232849121094
1973-11-01,21.0,37.5,5.0,38.91720962524414
1973-12-01,21.0,37.5,5.0,39.339412689208984
1974-01-01,21.0,37.5,5.0,39.09635543823242
1974-02-01,21.0,37.5,5.0,38.60977554321289
1974-03-01,21.0,37.5,5.0,38.44648742675781
1974-04-01,21.0,37.5,5.0,38.5191535949707
1974-05-01,21.0,37.5,5.0,38.927734375
1974-06-01,21.0,37.5,5.0,38.7291259765625
1974-07-01,21.0,37.5,5.0,38.318695068359375
1974-08-01,21.0,37.5,5.0,38.73793029785156
1974-09-01,21.0,37.5,5.0,38.204925537109375
1974-10-01,21.0,37.5,5.0,39.04664993286133
1974-11-01,21.0,37.5,5.0,39.184181213378906
1974-12-01,21.0,37.5,5.0,39.482872009277344
1975-01-01,21.0,37.5,5.0,39.120994567871094
1975-02-01,21.0,37.5,5.0,38.98670196533203
1975-03-01,21.0,37.5,5.0,38.74079513549805
1975-04-01,21.0,37.5,5.0,38.44593048095703
1975-05-01,21.0,37.5,5.0,39.476009368896484
1975-06-01,21.0,37.5,5.0,38.97537612915039
1975-07-01,21.0,37.5,5.0,38.880313873291016
1975-08-01,21.0,37.5,5.0,39.5304069519043
1975-09-01,21.0,37.5,5.0,38.94645309448242
1975-10-01,21.0,37.5,5.0,39.74073791503906
1975-11-01,21.0,37.5,5.0,39.18444061279297
1975-12-01,21.0,37.5,5.0,39.660282135009766
1976-01-01,21.0,37.5,5.0,39.942169189453125
1976-02-01,21.0,37.5,5.0,39.28588104248047
1976-03-01,21.0,37.5,5.0,38.96028518676758
1976-04-01,21.0,37.5,5.0,38.70018005371094
1976-05-01,21.0,37.5,5.0,39.14748001098633
1976-06-01,21.0,37.5,5.0,39.036922454833984
1976-07-01,21.0,37.5,5.0,38.39385223388672
1976-08-01,21.0,37.5,5.0,39.208534240722656
1976-09-01,21.0,37.5,5.0,38.76300048828125
1976-10-01,21.0,37.5,5.0,39.25239562988281
1976-11-01,21.0,37.5,5.0,39.438419342041016
1976-12-01,21.0,37.5,5.0,39.71565246582031
1977-01-01,21.0,37.5,5.0,39.466835021972656
1977-02-01,21.0,37.5,5.0,39.41273498535156
1977-03-01,21.0,37.5,5.0,39.14390182495117
1977-04-01,21.0,37.5,5.0,38.55925750732422
1977-05-01,21.0,37.5,5.0,39.52632141113281
1977-06-01,21.0,37.5,5.0,39.25468826293945
1977-07-01,21.0,37.5,5.0,38.02861022949219
1977-08-01,21.0,37.5,5.0,38.87726593017578
1977-09-01,21.0,37.5,5.0,38.73766326904297
1977-10-01,21.0,37.5,5.0,38.700191497802734
1977-11-01,21.0,37.5,5.0,38.64028549194336
1977-12-01,21.0,37.5,5.0,39.22255325317383
1978-01-01,21.0,37.5,5.0,39.47361755371094
1978-02-01,21.0,37.5,5.0,38.848976135253906
1978-03-01,21.0,37.5,5.0,38.789634704589844
1978-04-01,21.0,37.5,5.0,38.841182708740234
1978-05-01,21.0,37.5,5.0,39.15586853027344
1978-06-01,21.0,37.5,5.0,38.73466873168945
1978-07-01,21.0,37.5,5.0,38.35947799682617
1978-08-01,21.0,37.5,5.0,38.855350494384766
1978-09-01,21.0,37.5,5.0,39.13691329956055
1978-10-01,21.0,37.5,5.0,39.06817626953125
1978-11-01,21.0,37.5,5.0,39.40441131591797
1978-12-01,21.0,37.5,5.0,39.32843780517578
1979-01-01,21.0,37.5,5.0,39.147640228271484
1979-02-01,21.0,37.5,5.0,38.80805587768555
1979-03-01,21.0,37.5,5.0,38.364776611328125
1979-04-01,21.0,37.5,5.0,38.71771240234375
1979-05-01,21.0,37.5,5.0,39.079345703125
1979-06-01,21.0,37.5,5.0,38.56710433959961
1979-07-01,21.0,37.5,5.0,37.9491081237793
1979-08-01,21.0,37.5,5.0,38.81945037841797
1979-09-01,21.0,37.5,5.0,38.57750701904297
1979-10-01,21.0,37.5,5.0,38.77518844604492
1979-11-01,21.0,37.5,5.0,39.10300827026367
1979-12-01,21.0,37.5,5.0,39.40032958984375
1980-01-01,21.0,37.5,5.0,39.04875183105469
1980-02-01,21.0,37.5,5.0,38.953060150146484
1980-03-01,21.0,37.5,5.0,38.792118072509766
1980-04-01,21.0,37.5,5.0,38.72926712036133
1980-05-01,21.0,37.5,5.0,39.08257293701172
1980-06-01,21.0,37.5,5.0,38.672733306884766
1980-07-01,21.0,37.5,5.0,38.23976516723633
1980-08-01,21.0,37.5,5.0,39.329750061035156
1980-09-01,21.0,37.5,5.0,38.70638656616211
1980-10-01,21.0,37.5,5.0,39.19552230834961
1980-11-01,21.0,37.5,5.0,38.95270919799805
1980-12-01,21.0,37.5,5.0,39.29261016845703
1981-01-01,21.0,37.5,5.0,38.99717330932617
1981-02-01,21.0,37.5,5.0,39.030975341796875
1981-03-01,21.0,37.5,5.0,38.3571662902832
1981-04-01,21.0,37.5,5.0,38.60541915893555
1981-05-01,21.0,37.5,5.0,39.22024154663086
1981-06-01,21.0,37.5,5.0,39.096500396728516
1981-07-01,21.0,37.5,5.0,39.04047393798828
1981-08-01,21.0,37.5,5.0,39.64933776855469
1981-09-01,21.0,37.5,5.0,38.93670654296875
1981-10-01,21.0,37.5,5.0,39.1762809753418
1981-11-01,21.0,37.5,5.0,39.2017936706543
1981-12-01,21.0,37.5,5.0,39.450538635253906
1982-01-01,21.0,37.5,5.0,39.55105972290039
1982-02-01,21.0,37.5,5.0,38.883995056152344
1982-03-01,21.0,37.5,5.0,39.072547912597656
1982-04-01,21.0,37.5,5.0,38.78453826904297
1982-05-01,21.0,37.5,5.0,39.373390197753906
1982-06-01,21.0,37.5,5.0,39.39876174926758
1982-07-01,21.0,37.5,5.0,38.64347839355469
1982-08-01,21.0,37.5,5.0,39.035343170166016
1982-09-01,21.0,37.5,5.0,38.88876724243164
1982-10-01,21.0,37.5,5.0,39.18714141845703
1982-11-01,21.0,37.5,5.0,39.29310989379883
1982-12-01,21.0,37.5,5.0,39.15114974975586
1983-01-01,21.0,37.5,5.0,39.46574020385742
1983-02-01,21.0,37.5,5.0,39.03968811035156
1983-03-01,21.0,37.5,5.0,38.869110107421875
1983-04-01,21.0,37.5,5.0,38.74988555908203
1983-05-01,21.0,37.5,5.0,39.14237976074219
1983-06-01,21.0,37.5,5.0,38.75307846069336
1983-07-01,21.0,37.5,5.0,38.007301330566406
1983-08-01,21.0,37.5,5.0,38.78404998779297
1983-09-01,21.0,37.5,5.0,38.920589447021484
1983-10-01,21.0,37.5,5.0,39.39103317260742
1983-11-01,21.0,37.5,5.0,39.28929901123047
1983-12-01,21.0,37.5,5.0,39.32387924194336
1984-01-01,21.0,37.5,5.0,39.259132385253906
1984-02-01,21.0,37.5,5.0,38.936397552490234
1984-03-01,21.0,37.5,5.0,38.7104606628418
1984-04-01,21.0,37.5,5.0,38.947601318359375
1984-05-01,21.0,37.5,5.0,38.953548431396484
1984-06-01,21.0,37.5,5.0,38.7845344543457
1984-07-01,21.0,37.5,5.0,38.430213928222656
1984-08-01,21.0,37.5,5.0,38.928951263427734
1984-09-01,21.0,37.5,5.0,38.583187103271484
1984-10-01,21.0,37.5,5.0,39.36470413208008
1984-11-01,21.0,37.5,5.0,38.99728775024414
1984-12-01,21.0,37.5,5.0,39.412601470947266
1985-01-01,21.0,37.5,5.0,39.203914642333984
1985-02-01,21.0,37.5,5.0,38.72649383544922
1985-03-01,21.0,37.5,5.0,38.82614517211914
1985-04-01,21.0,37.5,5.0,38.83992004394531
1985-05-01,21.0,37.5,5.0,39.355674743652344
1985-06-01,21.0,37.5,5.0,39.162147521972656
1985-07-01,21.0,37.5,5.0,38.46565246582031
1985-08-01,21.0,37.5,5.0,39.22867965698242
1985-09-01,21.0,37.5,5.0,38.7104606628418
1985-10-01,21.0,37.5,5.0,39.15277862548828
1985-11-01,21.0,37.5,5.0,39.24992370605469
1985-12-01,21.0,37.5,5.0,39.4000244140625
1986-01-01,21.0,37.5,5.0,39.19951248168945
1986-02-01,21.0,37.5,5.0,38.8564567565918
1986-03-01,21.0,37.5,5.0,38.7382926940918
1986-04-01,21.0,37.5,5.0,38.82659149169922
1986-05-01,21.0,37.5,5.0,38.75583267211914
1986-06-01,21.0,37.5,5.0,38.65184783935547
1986-07-01,21.0,37.5,5.0,38.19254684448242
1986-08-01,21.0,37.5,5.0,39.37225341796875
1986-09-01,21.0,37.5,5.0,39.0775032043457
1986-10-01,21.0,37.5,5.0,38.97475051879883
1986-11-01,21.0,37.5,5.0,39.050994873046875
1986-12-01,21.0,37.5,5.0,39.49456024169922
1987-01-01,21.0,37.5,5.0,39.19968795776367
1987-02-01,21.0,37.5,5.0,39.01692199707031
1987-03-01,21.0,37.5,5.0,38.97675323486328
1987-04-01,21.0,37.5,5.0,38.64094543457031
1987-05-01,21.0,37.5,5.0,39.13711166381836
1987-06-01,21.0,37.5,5.0,39.223175048828125
1987-07-01,21.0,37.5,5.0,38.602333068847656
1987-08-01,21.0,37.5,5.0,39.0460090637207
1987-09-01,21.0,37.5,5.0,38.70569610595703
1987-10-01,21.0,37.5,5.0,39.21753692626953
1987-11-01,21.0,37.5,5.0,39.12946319580078
1987-12-01,21.0,37.5,5.0,39.45819091796875
1988-01-01,21.0,37.5,5.0,38.99156951904297
1988-02-01,21.0,37.5,5.0,38.79216003417969
1988-03-01,21.0,37.5,5.0,38.49940872192383
1988-04-01,21.0,37.5,5.0,38.495208740234375
1988-05-01,21.0,37.5,5.0,39.17537307739258
1988-06-01,21.0,37.5,5.0,39.28566360473633
1988-07-01,21.0,37.5,5.0,38.75250244140625
1988-08-01,21.0,37.5,5.0,39.618934631347656
1988-09-01,21.0,37.5,5.0,38.970619201660156
1988-10-01,21.0,37.5,5.0,39.40450668334961
1988-11-01,21.0,37.5,5.0,39.174190521240234
1988-12-01,21.0,37.5,5.0,39.653282165527344
1989-01-01,21.0,37.5,5.0,39.45651626586914
1989-02-01,21.0,37.5,5.0,38.88812255859375
1989-03-01,21.0,37.5,5.0,38.73379898071289
1989-04-01,21.0,37.5,5.0,38.45097732543945
1989-05-01,21.0,37.5,5.0,39.52007293701172
1989-06-01,21.0,37.5,5.0,39.17774963378906
1989-07-01,21.0,37.5,5.0,38.73771286010742
1989-08-01,21.0,37.5,5.0,39.3359489440918
1989-09-01,21.0,37.5,5.0,39.23493194580078
1989-10-01,21.0,37.5,5.0,39.28810119628906
1989-11-01,21.0,37.5,5.0,39.08224105834961
1989-12-01,21.0,37.5,5.0,39.337989807128906
1990-01-01,21.0,37.5,5.0,39.411922454833984
1990-02-01,21.0,37.5,5.0,39.09457778930664
1990-03-01,21.0,37.5,5.0,38.9600830078125
1990-04-01,21.0,37.5,5.0,39.030643463134766
1990-05-01,21.0,37.5,5.0,38.97335433959961
1990-06-01,21.0,37.5,5.0,38.797142028808594
1990-07-01,21.0,37.5,5.0,38.46138000488281
1990-08-01,21.0,37.5,5.0,38.9735221862793
1990-09-01,21.0,37.5,5.0,38.86215591430664
1990-10-01,21.0,37.5,5.0,39.34070587158203
1990-11-01,21.0,37.5,5.0,39.4657096862793
1990-12-01,21.0,37.5,5.0,39.238399505615234
1991-01-01,21.0,37.5,5.0,39.19912338256836
1991-02-01,21.0,37.5,5.0,38.76998519897461
1991-03-01,21.0,37.5,5.0,38.64735794067383
1991-04-01,21.0,37.5,5.0,38.73234939575195
1991-05-01,21.0,37.5,5.0,39.26736068725586
1991-06-01,21.0,37.5,5.0,39.08409881591797
1991-07-01,21.0,37.5,5.0,38.43868637084961
1991-08-01,21.0,37.5,5.0,39.14751052856445
1991-09-01,21.0,37.5,5.0,38.84075927734375
1991-10-01,21.0,37.5,5.0,39.310523986816406
1991-11-01,21.0,37.5,5.0,38.918907165527344
1991-12-01,21.0,37.5,5.0,39.32341766357422
1992-01-01,21.0,37.5,5.0,39.40357208251953
1992-02-01,21.0,37.5,5.0,38.9829216003418
1992-03-01,21.0,37.5,5.0,38.734703063964844
1992-04-01,21.0,37.5,5.0,38.48904800415039
1992-05-01,21.0,37.5,5.0,39.11872863769531
1992-06-01,21.0,37.5,5.0,38.49327087402344
1992-07-01,21.0,37.5,5.0,38.233436584472656
1992-08-01,21.0,37.5,5.0,38.99451446533203
1992-09-01,21.0,37.5,5.0,38.46665573120117
1992-10-01,21.0,37.5,5.0,39.421443939208984
1992-11-01,21.0,37.5,5.0,39.39869689941406
1992-12-01,21.0,37.5,5.0,39.46250534057617
1993-01-01,21.0,37.5,5.0,38.91503143310547
1993-02-01,21.0,37.5,5.0,38.747474670410156
1993-03-01,21.0,37.5,5.0,38.55159378051758
1993-04-01,21.0,37.5,5.0,37.98854064941406
1993-05-01,21.0,37.5,5.0,38.85538101196289
1993-06-01,21.0,37.5,5.0,38.95504379272461
1993-07-01,21.0,37.5,5.0,38.66551971435547
1993-08-01,21.0,37.5,5.0,39.05049514770508
1993-09-01,21.0,37.5,5.0,38.58916473388672
1993-10-01,21.0,37.5,5.0,39.27108383178711
1993-11-01,21.0,37.5,5.0,38.869598388671875
1993-12-01,21.0,37.5,5.0,39.03482437133789
1994-01-01,21.0,37.5,5.0,39.096923828125
1994-02-01,21.0,37.5,5.0,38.87211608886719
1994-03-01,21.0,37.5,5.0,38.60739517211914
1994-04-01,21.0,37.5,5.0,38.62978744506836
1994-05-01,21.0,37.5,5.0,38.99739074707031
1994-06-01,21.0,37.5,5.0,39.11603546142578
1994-07-01,21.0,37.5,5.0,38.50537872314453
1994-08-01,21.0,37.5,5.0,38.73907470703125
1994-09-01,21.0,37.5,5.0,38.82851028442383
1994-10-01,21.0,37.5,5.0,39.2765998840332
1994-11-01,21.0,37.5,5.0,39.22136688232422
1994-12-01,21.0,37.5,5.0,39.19855880737305
1995-01-01,21.0,37.5,5.0,39.25094985961914
1995-02-01,21.0,37.5,5.0,38.976715087890625
1995-03-01,21.0,37.5,5.0,38.826194763183594
1995-04-01,21.0,37.5,5.0,38.713321685791016
1995-05-01,21.0,37.5,5.0,38.9632453918457
1995-06-01,21.0,37.5,5.0,38.888572692871094
1995-07-01,21.0,37.5,5.0,38.221466064453125
1995-08-01,21.0,37.5,5.0,39.131813049316406
1995-09-01,21.0,37.5,5.0,38.82178497314453
1995-10-01,21.0,37.5,5.0,39.19751739501953
1995-11-01,21.0,37.5,5.0,38.70170593261719
1995-12-01,21.0,37.5,5.0,39.29374313354492
1996-01-01,21.0,37.5,5.0,39.1856575012207
1996-02-01,21.0,37.5,5.0,38.73145294189453
1996-03-01,21.0,37.5,5.0,38.70185089111328
1996-04-01,21.0,37.5,5.0,38.5063591003418
1996-05-01,21.0,37.5,5.0,39.509178161621094
1996-06-01,21.0,37.5,5.0,38.9886474609375
1996-07-01,21.0,37.5,5.0,38.44658279418945
1996-08-01,21.0,37.5,5.0,39.52003860473633
1996-09-01,21.0,37.5,5.0,38.748111724853516
1996-10-01,21.0,37.5,5.0,39.74142837524414
1996-11-01,21.0,37.5,5.0,39.593196868896484
1996-12-01,21.0,37.5,5.0,39.19192886352539
1997-01-01,21.0,37.5,5.0,39.30567169189453
1997-02-01,21.0,37.5,5.0,39.09095001220703
1997-03-01,21.0,37.5,5.0,38.71415710449219
1997-04-01,21.0,37.5,5.0,38.6058235168457
1997-05-01,21.0,37.5,5.0,39.41828918457031
1997-06-01,21.0,37.5,5.0,39.0682258605957
1997-07-01,21.0,37.5,5.0,38.20003128051758
1997-08-01,21.0,37.5,5.0,39.36273956298828
1997-09-01,21.0,37.5,5.0,38.85810852050781
1997-10-01,21.0,37.5,5.0,39.35699462890625
1997-11-01,21.0,37.5,5.0,38.894927978515625
1997-12-01,21.0,37.5,5.0,39.30193328857422
1998-01-01,21.0,37.5,5.0,38.72307205200195
1998-02-01,21.0,37.5,5.0,39.119022369384766
1998-03-01,21.0,37.5,5.0,38.22685241699219
1998-04-01,21.0,37.5,5.0,38.76510238647461
1998-05-01,21.0,37.5,5.0,39.465576171875
1998-06-01,21.0,37.5,5.0,38.60900115966797
1998-07-01,21.0,37.5,5.0,38.58320617675781
1998-08-01,21.0,37.5,5.0,38.40212631225586
1998-09-01,21.0,37.5,5.0,37.891029357910156
1998-10-01,21.0,37.5,5.0,38.98149490356445
1998-11-01,21.0,37.5,5.0,38.35236740112305
1998-12-01,21.0,37.5,5.0,38.516014099121094
1999-01-01,21.0,37.5,5.0,38.83831024169922
1999-02-01,21.0,37.5,5.0,38.784027099609375
1999-03-01,21.0,37.5,5.0,38.687870025634766
1999-04-01,21.0,37.5,5.0,39.290035247802734
1999-05-01,21.0,37.5,5.0,40.03890609741211
1999-06-01,21.0,37.5,5.0,39.10316848754883
1999-07-01,21.0,37.5,5.0,38.44715118408203
1999-08-01,21.0,37.5,5.0,39.4269905090332
1999-09-01,21.0,37.5,5.0,39.42551803588867
1999-10-01,21.0,37.5,5.0,39.7159423828125
1999-11-01,21.0,37.5,5.0,39.21571350097656
1999-12-01,21.0,37.5,5.0,39.16846466064453
2000-01-01,21.0,37.5,5.0,38.807003021240234
2000-02-01,21.0,37.5,5.0,39.3979377746582
2000-03-01,21.0,37.5,5.0,38.98017501831055
2000-04-01,21.0,37.5,5.0,39.35866928100586
2000-05-01,21.0,37.5,5.0,39.5626106262207
2000-06-01,21.0,37.5,5.0,38.668373107910156
2000-07-01,21.0,37.5,5.0,38.39755630493164
2000-08-01,21.0,37.5,5.0,38.96375274658203
2000-09-01,21.0,37.5,5.0,39.01731872558594
2000-10-01,21.0,37.5,5.0,39.46487808227539
2000-11-01,21.0,37.5,5.0,39.04124450683594
2000-12-01,21.0,37.5,5.0,39.121826171875
2001-01-01,21.0,37.5,5.0,39.2600212097168
2001-02-01,21.0,37.5,5.0,39.16062545776367
2001-03-01,21.0,37.5,5.0,38.57411575317383
2001-04-01,21.0,37.5,5.0,39.741432189941406
2001-05-01,21.0,37.5,5.0,39.852725982666016
2001-06-01,21.0,37.5,5.0,39.16968536376953
2001-07-01,21.0,37.5,5.0,38.82376480102539
2001-08-01,21.0,37.5,5.0,39.123260498046875
2001-09-01,21.0,37.5,5.0,38.3880500793457
2001-10-01,21.0,37.5,5.0,39.63336181640625
2001-11-01,21.0,37.5,5.0,39.67095184326172
2001-12-01,21.0,37.5,5.0,39.4202766418457
2002-01-01,21.0,37.5,5.0,39.313377380371094
2002-02-01,21.0,37.5,5.0,39.40647506713867
2002-03-01,21.0,37.5,5.0,39.02647018432617
2002-04-01,21.0,37.5,5.0,39.03432083129883
2002-05-01,21.0,37.5,5.0,39.49281311035156
2002-06-01,21.0,37.5,5.0,39.201080322265625
2002-07-01,21.0,37.5,5.0,38.589637756347656
2002-08-01,21.0,37.5,5.0,38.96996307373047
2002-09-01,21.0,37.5,5.0,38.469966888427734
2002-10-01,21.0,37.5,5.0,39.34961700439453
2002-11-01,21.0,37.5,5.0,39.088069915771484
2002-12-01,21.0,37.5,5.0,39.14176559448242
2003-01-01,21.0,37.5,5.0,39.24763870239258
2003-02-01,21.0,37.5,5.0,38.970542907714844
2003-03-01,21.0,37.5,5.0,39.04299545288086
2003-04-01,21.0,37.5,5.0,38.83695602416992
2003-05-01,21.0,37.5,5.0,39.11872100830078
2003-06-01,21.0,37.5,5.0,39.328678131103516
2003-07-01,21.0,37.5,5.0,38.57457733154297
2003-08-01,21.0,37.5,5.0,39.11336898803711
2003-09-01,21.0,37.5,5.0,38.68356704711914
2003-10-01,21.0,37.5,5.0,39.401573181152344
2003-11-01,21.0,37.5,5.0,38.91441345214844
2003-12-01,21.0,37.5,5.0,39.35213088989258
2004-01-01,21.0,37.5,5.0,39.30031204223633
2004-02-01,21.0,37.5,5.0,39.2612419128418
2004-03-01,21.0,37.5,5.0,38.7655029296875
2004-04-01,21.0,37.5,5.0,38.81736755371094
2004-05-01,21.0,37.5,5.0,39.23606872558594
2004-06-01,21.0,37.5,5.0,39.162071228027344
2004-07-01,21.0,37.5,5.0,38.6672477722168
2004-08-01,21.0,37.5,5.0,39.31086349487305
2004-09-01,21.0,37.5,5.0,38.54472732543945
2004-10-01,21.0,37.5,5.0,39.09031677246094
2004-11-01,21.0,37.5,5.0,39.09407424926758
2004-12-01,21.0,37.5,5.0,39.37849807739258
2005-01-01,21.0,37.5,5.0,39.149749755859375
2005-02-01,21.0,37.5,5.0,38.82027816772461
2005-03-01,21.0,37.5,5.0,38.66631317138672
2005-04-01,21.0,37.5,5.0,38.6878776550293
2005-05-01,21.0,37.5,5.0,39.22683334350586
2005-06-01,21.0,37.5,5.0,39.10773849487305
2005-07-01,21.0,37.5,5.0,38.41825485229492
2005-08-01,21.0,37.5,5.0,39.07395553588867
2005-09-01,21.0,37.5,5.0,38.326358795166016
2005-10-01,21.0,37.5,5.0,39.042198181152344
2005-11-01,21.0,37.5,5.0,39.2721061706543
2005-12-01,21.0,37.5,5.0,39.26822280883789
2006-01-01,21.0,37.5,5.0,39.06733322143555
2006-02-01,21.0,37.5,5.0,38.882659912109375
2006-03-01,21.0,37.5,5.0,38.961280822753906
2006-04-01,21.0,37.5,5.0,38.794952392578125
2006-05-01,21.0,37.5,5.0,39.17530822753906
2006-06-01,21.0,37.5,5.0,38.83065414428711
2006-07-01,21.0,37.5,5.0,38.542972564697266
2006-08-01,21.0,37.5,5.0,39.074092864990234
2006-09-01,21.0,37.5,5.0,38.702064514160156
2006-10-01,21.0,37.5,5.0,39.31290054321289
2006-11-01,21.0,37.5,5.0,39.17986297607422
2006-12-01,21.0,37.5,5.0,39.347625732421875
2007-01-01,21.0,37.5,5.0,39.36349105834961
2007-02-01,21.0,37.5,5.0,39.04517364501953
2007-03-01,21.0,37.5,5.0,38.501060485839844
2007-04-01,21.0,37.5,5.0,38.65502166748047
2007-05-01,21.0,37.5,5.0,39.28187561035156
2007-06-01,21.0,37.5,5.0,39.14266586303711
2007-07-01,21.0,37.5,5.0,38.4438362121582
2007-08-01,21.0,37.5,5.0,39.212398529052734
2007-09-01,21.0,37.5,5.0,38.450225830078125
2007-10-01,21.0,37.5,5.0,39.33087158203125
2007-11-01,21.0,37.5,5.0,38.798377990722656
2007-12-01,21.0,37.5,5.0,39.31116485595703
2008-01-01,21.0,37.5,5.0,39.20249557495117
2008-02-01,21.0,37.5,5.0,38.931068420410156
2008-03-01,21.0,37.5,5.0,38.723907470703125
2008-04-01,21.0,37.5,5.0,38.45000457763672
2008-05-01,21.0,37.5,5.0,39.21312713623047
2008-06-01,21.0,37.5,5.0,38.73460006713867
2008-07-01,21.0,37.5,5.0,38.37359619140625
2008-08-01,21.0,37.5,5.0,39.02350997924805
2008-09-01,21.0,37.5,5.0,38.40011978149414
2008-10-01,21.0,37.5,5.0,39.069217681884766
2008-11-01,21.0,37.5,5.0,38.7025260925293
2008-12-01,21.0,37.5,5.0,39.34245300292969
2009-01-01,21.0,37.5,5.0,39.247398376464844
2009-02-01,21.0,37.5,5.0,38.95625686645508
2009-03-01,21.0,37.5,5.0,38.32371139526367
2009-04-01,21.0,37.5,5.0,38.443572998046875
2009-05-01,21.0,37.5,5.0,39.125457763671875
2009-06-01,21.0,37.5,5.0,38.903419494628906
2009-07-01,21.0,37.5,5.0,38.49751663208008
2009-08-01,21.0,37.5,5.0,38.801151275634766
2009-09-01,21.0,37.5,5.0,38.89836502075195
2009-10-01,21.0,37.5,5.0,39.516754150390625
2009-11-01,21.0,37.5,5.0,38.85263442993164
2009-12-01,21.0,37.5,5.0,39.38069152832031
2010-01-01,21.0,37.5,5.0,39.14006042480469
2010-02-01,21.0,37.5,5.0,39.05397033691406
2010-03-01,21.0,37.5,5.0,38.501522064208984
2010-04-01,21.0,37.5,5.0,38.56739044189453
2010-05-01,21.0,37.5,5.0,39.21905517578125
2010-06-01,21.0,37.5,5.0,39.20012283325195
2010-07-01,21.0,37.5,5.0,38.54263687133789
2010-08-01,21.0,37.5,5.0,38.96689224243164
2010-09-01,21.0,37.5,5.0,38.5988883972168
2010-10-01,21.0,37.5,5.0,39.193214416503906
2010-11-01,21.0,37.5,5.0,38.77773666381836
2010-12-01,21.0,37.5,5.0,39.195518493652344
2011-01-01,21.0,37.5,5.0,39.27064514160156
2011-02-01,21.0,37.5,5.0,38.87657928466797
2011-03-01,21.0,37.5,5.0,38.663551330566406
2011-04-01,21.0,37.5,5.0,38.67203903198242
2011-05-01,21.0,37.5,5.0,39.29730987548828
2011-06-01,21.0,37.5,5.0,39.095584869384766
2011-07-01,21.0,37.5,5.0,38.67942428588867
2011-08-01,21.0,37.5,5.0,39.140350341796875
2011-09-01,21.0,37.5,5.0,38.81590270996094
2011-10-01,21.0,37.5,5.0,39.41830825805664
2011-11-01,21.0,37.5,5.0,38.8468017578125
2011-12-01,21.0,37.5,5.0,39.416893005371094
2012-01-01,21.0,37.5,5.0,39.36968231201172
2012-02-01,21.0,37.5,5.0,38.94389724731445
2012-03-01,21.0,37.5,5.0,38.730072021484375
2012-04-01,21.0,37.5,5.0,38.48825454711914
2012-05-01,21.0,37.5,5.0,39.064842224121094
2012-06-01,21.0,37.5,5.0,39.00148391723633
2012-07-01,21.0,37.5,5.0,38.250953674316406
2012-08-01,21.0,37.5,5.0,39.19337844848633
2012-09-01,21.0,37.5,5.0,38.635231018066406
2012-10-01,21.0,37.5,5.0,39.10787582397461
2012-11-01,21.0,37.5,5.0,39.07170486450195
2012-12-01,21.0,37.5,5.0,39.17155075073242
2013-01-01,21.0,37.5,5.0,39.11818313598633
2013-02-01,21.0,37.5,5.0,38.91880416870117
2013-03-01,21.0,37.5,5.0,38.840789794921875
2013-04-01,21.0,37.5,5.0,38.56313705444336
2013-05-01,21.0,37.5,5.0,39.360633850097656
2013-06-01,21.0,37.5,5.0,39.170204162597656
2013-07-01,21.0,37.5,5.0,38.715606689453125
2013-08-01,21.0,37.5,5.0,39.036460876464844
2013-09-01,21.0,37.5,5.0,38.664222717285156
2013-10-01,21.0,37.5,5.0,39.0880012512207
2013-11-01,21.0,37.5,5.0,38.99525451660156
2013-12-01,21.0,37.5,5.0,39.29951095581055
2014-01-01,21.0,37.5,5.0,39.05364227294922
2014-02-01,21.0,37.5,5.0,39.0279655456543
2014-03-01,21.0,37.5,5.0,38.93535614013672
2014-04-01,21.0,37.5,5.0,38.685890197753906
2014-05-01,21.0,37.5,5.0,39.26123809814453
2014-06-01,21.0,37.5,5.0,38.724178314208984
2014-07-01,21.0,37.5,5.0,38.281005859375
2014-08-01,21.0,37.5,5.0,39.0916748046875
2014-09-01,21.0,37.5,5.0,38.568729400634766
2014-10-01,21.0,37.5,5.0,39.23594284057617
2014-11-01,21.0,37.5,5.0,39.126861572265625
2014-12-01,21.0,37.5,5.0,39.347023010253906
2015-01-01,21.0,37.5,5.0,39.22907638549805
2015-02-01,21.0,37.5,5.0,39.09690475463867
2015-03-01,21.0,37.5,5.0,38.95362854003906
2015-04-01,21.0,37.5,5.0,38.653194427490234
2015-05-01,21.0,37.5,5.0,39.08566665649414
2015-06-01,21.0,37.5,5.0,38.59734344482422
2015-07-01,21.0,37.5,5.0,38.33879470825195
2015-08-01,21.0,37.5,5.0,39.144290924072266
2015-09-01,21.0,37.5,5.0,38.68912124633789
2015-10-01,21.0,37.5,5.0,39.32887268066406
2015-11-01,21.0,37.5,5.0,39.09865188598633
2015-12-01,21.0,37.5,5.0,39.4417724609375
2016-01-01,21.0,37.5,5.0,39.108909606933594
2016-02-01,21.0,37.5,5.0,38.97509002685547
2016-03-01,21.0,37.5,5.0,38.89154052734375
2016-04-01,21.0,37.5,5.0,38.81977844238281
2016-05-01,21.0,37.5,5.0,39.308006286621094
2016-06-01,21.0,37.5,5.0,38.781837463378906
2016-07-01,21.0,37.5,5.0,38.325889587402344
2016-08-01,21.0,37.5,5.0,39.173702239990234
2016-09-01,21.0,37.5,5.0,38.785404205322266
2016-10-01,21.0,37.5,5.0,39.564876556396484
2016-11-01,21.0,37.5,5.0,39.219764709472656
2016-12-01,21.0,37.5,5.0,39.52836608886719
2017-01-01,21.0,37.5,5.0,39.36943054199219
2017-02-01,21.0,37.5,5.0,39.04972839355469
2017-03-01,21.0,37.5,5.0,38.88492202758789
2017-04-01,21.0,37.5,5.0,38.983619689941406
2017-05-01,21.0,37.5,5.0,39.24475860595703
2017-06-01,21.0,37.5,5.0,39.06344985961914
2017-07-01,21.0,37.5,5.0,38.52737045288086
2017-08-01,21.0,37.5,5.0,39.20494079589844
2017-09-01,21.0,37.5,5.0,38.74763488769531
2017-10-01,21.0,37.5,5.0,39.48876953125
2017-11-01,21.0,37.5,5.0,39.24020767211914
2017-12-01,21.0,37.5,5.0,39.218441009521484
2018-01-01,21.0,37.5,5.0,39.1693000793457
2018-02-01,21.0,37.5,5.0,39.08757781982422
2018-03-01,21.0,37.5,5.0,38.839073181152344
2018-04-01,21.0,37.5,5.0,38.74520492553711
2018-05-01,21.0,37.5,5.0,39.302223205566406
2018-06-01,21.0,37.5,5.0,38.78693389892578
2018-07-01,21.0,37.5,5.0,38.45747375488281
2018-08-01,21.0,37.5,5.0,38.96217346191406
2018-09-01,21.0,37.5,5.0,38.42209243774414
2018-10-01,21.0,37.5,5.0,39.21417236328125
2018-11-01,21.0,37.5,5.0,39.08774185180664
2018-12-01,21.0,37.5,5.0,39.30358123779297
2019-01-01,21.0,37.5,5.0,39.0775146484375
2019-02-01,21.0,37.5,5.0,39.00343704223633
2019-03-01,21.0,37.5,5.0,38.84714126586914
2019-04-01,21.0,37.5,5.0,38.660030364990234
2019-05-01,21.0,37.5,5.0,39.219139099121094
2019-06-01,21.0,37.5,5.0,38.77739334106445
2019-07-01,21.0,37.5,5.0,38.277828216552734
2019-08-01,21.0,37.5,5.0,39.07079315185547
2019-09-01,21.0,37.5,5.0,38.50117492675781
2019-10-01,21.0,37.5,5.0,39.2762336730957
2019-11-01,21.0,37.5,5.0,39.222900390625
2019-12-01,21.0,37.5,5.0,39.68390655517578
2020-01-01,21.0,37.5,5.0,39.24440002441406
2020-02-01,21.0,37.5,5.0,38.775146484375
2020-03-01,21.0,37.5,5.0,38.808990478515625
2020-04-01,21.0,37.5,5.0,38.534671783447266
2020-05-01,21.0,37.5,5.0,38.882022857666016
2020-06-01,21.0,37.5,5.0,38.73098373413086
2020-07-01,21.0,37.5,5.0,38.428009033203125
2020-08-01,21.0,37.5,5.0,38.86033248901367
2020-09-01,21.0,37.5,5.0,38.33027267456055
2020-10-01,21.0,37.5,5.0,39.317626953125
2020-11-01,21.0,37.5,5.0,39.041465759277344
2020-12-01,21.0,37.5,5.0,39.39734649658203
2021-01-01,21.0,37.5,5.0,39.35474395751953
2021-02-01,21.0,37.5,5.0,39.15690612792969
2021-03-01,21.0,37.5,5.0,38.539241790771484
2021-04-01,21.0,37.5,5.0,38.358436584472656
2021-05-01,21.0,37.5,5.0,38.98525619506836
2021-06-01,21.0,37.5,5.0,38.51991653442383
2021-07-01,21.0,37.5,5.0,38.22156524658203
2021-08-01,21.0,37.5,5.0,38.966766357421875
2021-09-01,21.0,37.5,5.0,38.49053192138672
2021-10-01,21.0,37.5,5.0,39.348876953125
2021-11-01,21.0,37.5,5.0,38.98910140991211
2021-12-01,21.0,37.5,5.0,39.2997932434082
2022-01-01,21.0,37.5,5.0,39.37959289550781
2022-02-01,21.0,37.5,5.0,38.91088104248047
2022-03-01,21.0,37.5,5.0,38.83639144897461
2022-04-01,21.0,37.5,5.0,39.01447677612305
2022-05-01,21.0,37.5,5.0,39.34483337402344
2022-06-01,21.0,37.5,5.0,38.1917839050293
2022-07-01,21.0,37.5,5.0,37.85150909423828
2022-08-01,21.0,37.5,5.0,38.592166900634766
2022-09-01,21.0,37.5,5.0,38.47518539428711
2022-10-01,21.0,37.5,5.0,39.33938980102539
2022-11-01,21.0,37.5,5.0,39.218929290771484
2022-12-01,21.0,37.5,5.0,39.29404067993164
2023-01-01,21.0,37.5,5.0,39.148494720458984
2023-02-01,21.0,37.5,5.0,39.03156661987305
2023-03-01,21.0,37.5,5.0,38.984397888183594
2023-04-01,21.0,37.5,5.0,38.61861038208008
2023-05-01,21.0,37.5,5.0,39.27920150756836
2023-06-01,21.0,37.5,5.0,38.82902526855469
2023-07-01,21.0,37.5,5.0,38.298397064208984
2023-08-01,21.0,37.5,5.0,39.09650802612305
2023-09-01,21.0,37.5,5.0,38.077091217041016
