time,lat,lon,sst
1981-09-01,20.875,37.125,29.85
1981-10-01,20.875,37.125,30.549032
1981-11-01,20.875,37.125,28.413
1981-12-01,20.875,37.125,27.022257
1982-01-01,20.875,37.125,25.204838
1982-02-01,20.875,37.125,23.965357
1982-03-01,20.875,37.125,24.220322
1982-04-01,20.875,37.125,24.955334
1982-05-01,20.875,37.125,26.439999
1982-06-01,20.875,37.125,27.407665
1982-07-01,20.875,37.125,29.104837
1982-08-01,20.875,37.125,30.309032
1982-09-01,20.875,37.125,29.484
1982-10-01,20.875,37.125,29.538387
1982-11-01,20.875,37.125,27.501999
1982-12-01,20.875,37.125,25.604193
1983-01-01,20.875,37.125,24.677742
1983-02-01,20.875,37.125,24.391071
1983-03-01,20.875,37.125,24.201935
1983-04-01,20.875,37.125,24.969666
1983-05-01,20.875,37.125,27.888063
1983-06-01,20.875,37.125,27.705332
1983-07-01,20.875,37.125,29.652903
1983-08-01,20.875,37.125,30.943226
1983-09-01,20.875,37.125,30.397667
1983-10-01,20.875,37.125,29.128387
1983-11-01,20.875,37.125,28.762999
1983-12-01,20.875,37.125,27.257095
1984-01-01,20.875,37.125,24.737741
1984-02-01,20.875,37.125,24.363792
1984-03-01,20.875,37.125,25.073547
1984-04-01,20.875,37.125,25.983665
1984-05-01,20.875,37.125,27.120321
1984-06-01,20.875,37.125,28.051666
1984-07-01,20.875,37.125,29.79129
1984-08-01,20.875,37.125,30.654839
1984-09-01,20.875,37.125,29.518665
1984-10-01,20.875,37.125,29.499353
1984-11-01,20.875,37.125,28.864666
1984-12-01,20.875,37.125,26.766129
1985-01-01,20.875,37.125,26.275806
1985-02-01,20.875,37.125,24.64
1985-03-01,20.875,37.125,24.97516
1985-04-01,20.875,37.125,26.008333
1985-05-01,20.875,37.125,28.220322
1985-06-01,20.875,37.125,29.113998
1985-07-01,20.875,37.125,30.20129
1985-08-01,20.875,37.125,30.603226
1985-09-01,20.875,37.125,30.196999
1985-10-01,20.875,37.125,29.063225
1985-11-01,20.875,37.125,28.647333
1985-12-01,20.875,37.125,26.418064
1986-01-01,20.875,37.125,25.297096
1986-02-01,20.875,37.125,25.089285
1986-03-01,20.875,37.125,25.539354
1986-04-01,20.875,37.125,26.557667
1986-05-01,20.875,37.125,27.809677
1986-06-01,20.875,37.125,28.208332
1986-07-01,20.875,37.125,29.876451
1986-08-01,20.875,37.125,30.802258
1986-09-01,20.875,37.125,30.599667
1986-10-01,20.875,37.125,29.970644
1986-11-01,20.875,37.125,27.948
1986-12-01,20.875,37.125,25.321611
1987-01-01,20.875,37.125,24.50742
1987-02-01,20.875,37.125,24.61857
1987-03-01,20.875,37.125,24.789354
1987-04-01,20.875,37.125,26.042
1987-05-01,20.875,37.125,27.61258
1987-06-01,20.875,37.125,28.706
1987-07-01,20.875,37.125,29.61774
1987-08-01,20.875,37.125,31.079676
1987-09-01,20.875,37.125,30.224667
1987-10-01,20.875,37.125,30.430967
1987-11-01,20.875,37.125,28.498
1987-12-01,20.875,37.125,26.817741
1988-01-01,20.875,37.125,25.106773
1988-02-01,20.875,37.125,24.44862
1988-03-01,20.875,37.125,25.03258
1988-04-01,20.875,37.125,25.923
1988-05-01,20.875,37.125,27.994192
1988-06-01,20.875,37.125,28.665998
1988-07-01,20.875,37.125,30.881613
1988-08-01,20.875,37.125,31.36387
1988-09-01,20.875,37.125,30.920666
1988-10-01,20.875,37.125,29.791935
1988-11-01,20.875,37.125,28.553999
1988-12-01,20.875,37.125,27.076773
1989-01-01,20.875,37.125,25.010323
1989-02-01,20.875,37.125,23.7925
1989-03-01,20.875,37.125,24.490322
1989-04-01,20.875,37.125,26.122
1989-05-01,20.875,37.125,28.205807
1989-06-01,20.875,37.125,28.353333
1989-07-01,20.875,37.125,29.136452
1989-08-01,20.875,37.125,30.772903
1989-09-01,20.875,37.125,30.427666
1989-10-01,20.875,37.125,29.155806
1989-11-01,20.875,37.125,27.682999
1989-12-01,20.875,37.125,25.770967
1990-01-01,20.875,37.125,24.532257
1990-02-01,20.875,37.125,24.048214
1990-03-01,20.875,37.125,24.245483
1990-04-01,20.875,37.125,25.191332
1990-05-01,20.875,37.125,27.194193
1990-06-01,20.875,37.125,28.271
1990-07-01,20.875,37.125,30.378063
1990-08-01,20.875,37.125,31.271935
1990-09-01,20.875,37.125,30.135666
1990-10-01,20.875,37.125,29.421934
1990-11-01,20.875,37.125,28.911333
1990-12-01,20.875,37.125,27.495161
1991-01-01,20.875,37.125,26.020323
1991-02-01,20.875,37.125,24.710714
1991-03-01,20.875,37.125,25.088064
1991-04-01,20.875,37.125,27.101665
1991-05-01,20.875,37.125,27.43387
1991-06-01,20.875,37.125,28.119333
1991-07-01,20.875,37.125,29.35871
1991-08-01,20.875,37.125,30.619354
1991-09-01,20.875,37.125,29.608665
1991-10-01,20.875,37.125,28.992903
1991-11-01,20.875,37.125,27.495667
1991-12-01,20.875,37.125,25.968063
1992-01-01,20.875,37.125,24.238386
1992-02-01,20.875,37.125,23.542414
1992-03-01,20.875,37.125,23.509676
1992-04-01,20.875,37.125,25.718332
1992-05-01,20.875,37.125,27.571936
1992-06-01,20.875,37.125,28.618
1992-07-01,20.875,37.125,29.638708
1992-08-01,20.875,37.125,31.216452
1992-09-01,20.875,37.125,30.761
1992-10-01,20.875,37.125,29.371613
1992-11-01,20.875,37.125,28.184
1992-12-01,20.875,37.125,26.029032
1993-01-01,20.875,37.125,24.387741
1993-02-01,20.875,37.125,23.944643
1993-03-01,20.875,37.125,24.36516
1993-04-01,20.875,37.125,26.288332
1993-05-01,20.875,37.125,28.021935
1993-06-01,20.875,37.125,29.040667
1993-07-01,20.875,37.125,30.040321
1993-08-01,20.875,37.125,30.486128
1993-09-01,20.875,37.125,30.768665
1993-10-01,20.875,37.125,30.333225
1993-11-01,20.875,37.125,29.047667
1993-12-01,20.875,37.125,27.717419
1994-01-01,20.875,37.125,26.668064
1994-02-01,20.875,37.125,25.477856
1994-03-01,20.875,37.125,24.719355
1994-04-01,20.875,37.125,26.852667
1994-05-01,20.875,37.125,28.579353
1994-06-01,20.875,37.125,29.225332
1994-07-01,20.875,37.125,31.309032
1994-08-01,20.875,37.125,31.740967
1994-09-01,20.875,37.125,31.49
1994-10-01,20.875,37.125,30.920322
1994-11-01,20.875,37.125,29.065332
1994-12-01,20.875,37.125,25.906775
1995-01-01,20.875,37.125,25.475483
1995-02-01,20.875,37.125,24.619286
1995-03-01,20.875,37.125,25.129354
1995-04-01,20.875,37.125,26.158667
1995-05-01,20.875,37.125,27.98
1995-06-01,20.875,37.125,30.092999
1995-07-01,20.875,37.125,31.199032
1995-08-01,20.875,37.125,31.950968
1995-09-01,20.875,37.125,31.426332
1995-10-01,20.875,37.125,30.69387
1995-11-01,20.875,37.125,27.972332
1995-12-01,20.875,37.125,25.868387
1996-01-01,20.875,37.125,24.689354
1996-02-01,20.875,37.125,24.583792
1996-03-01,20.875,37.125,24.92645
1996-04-01,20.875,37.125,26.080332
1996-05-01,20.875,37.125,28.673225
1996-06-01,20.875,37.125,28.869
1996-07-01,20.875,37.125,30.357418
1996-08-01,20.875,37.125,31.397419
1996-09-01,20.875,37.125,30.515
1996-10-01,20.875,37.125,29.688065
1996-11-01,20.875,37.125,27.386333
1996-12-01,20.875,37.125,26.296774
1997-01-01,20.875,37.125,25.918386
1997-02-01,20.875,37.125,24.2725
1997-03-01,20.875,37.125,23.994516
1997-04-01,20.875,37.125,25.239
1997-05-01,20.875,37.125,27.273548
1997-06-01,20.875,37.125,30.036333
1997-07-01,20.875,37.125,31.211613
1997-08-01,20.875,37.125,31.551613
1997-09-01,20.875,37.125,31.057333
1997-10-01,20.875,37.125,30.040321
1997-11-01,20.875,37.125,28.407333
1997-12-01,20.875,37.125,26.596128
1998-01-01,20.875,37.125,25.620968
1998-02-01,20.875,37.125,24.59357
1998-03-01,20.875,37.125,24.925161
1998-04-01,20.875,37.125,25.869333
1998-05-01,20.875,37.125,28.664192
1998-06-01,20.875,37.125,29.460999
1998-07-01,20.875,37.125,30.95774
1998-08-01,20.875,37.125,32.176773
1998-09-01,20.875,37.125,31.362999
1998-10-01,20.875,37.125,30.47903
1998-11-01,20.875,37.125,29.547333
1998-12-01,20.875,37.125,27.898064
1999-01-01,20.875,37.125,26.555483
1999-02-01,20.875,37.125,26.172499
1999-03-01,20.875,37.125,26.209354
1999-04-01,20.875,37.125,26.66
1999-05-01,20.875,37.125,28.360645
1999-06-01,20.875,37.125,29.065332
1999-07-01,20.875,37.125,30.664515
1999-08-01,20.875,37.125,32.378063
1999-09-01,20.875,37.125,31.507
1999-10-01,20.875,37.125,30.492258
1999-11-01,20.875,37.125,29.438665
1999-12-01,20.875,37.125,27.93258
2000-01-01,20.875,37.125,26.332903
2000-02-01,20.875,37.125,24.932068
2000-03-01,20.875,37.125,24.447742
2000-04-01,20.875,37.125,26.938665
2000-05-01,20.875,37.125,28.722258
2000-06-01,20.875,37.125,29.022333
2000-07-01,20.875,37.125,29.995483
2000-08-01,20.875,37.125,31.015162
2000-09-01,20.875,37.125,30.701666
2000-10-01,20.875,37.125,30.160322
2000-11-01,20.875,37.125,28.220665
2000-12-01,20.875,37.125,27.053225
2001-01-01,20.875,37.125,25.424192
2001-02-01,20.875,37.125,24.702143
2001-03-01,20.875,37.125,25.70258
2001-04-01,20.875,37.125,27.703667
2001-05-01,20.875,37.125,28.545483
2001-06-01,20.875,37.125,30.071667
2001-07-01,20.875,37.125,31.90742
2001-08-01,20.875,37.125,32.057095
2001-09-01,20.875,37.125,31.017
2001-10-01,20.875,37.125,29.965483
2001-11-01,20.875,37.125,28.755333
2001-12-01,20.875,37.125,27.19129
2002-01-01,20.875,37.125,25.745483
2002-02-01,20.875,37.125,25.191427
2002-03-01,20.875,37.125,26.194838
2002-04-01,20.875,37.125,26.514666
2002-05-01,20.875,37.125,27.587097
2002-06-01,20.875,37.125,28.554667
2002-07-01,20.875,37.125,30.57387
2002-08-01,20.875,37.125,31.971935
2002-09-01,20.875,37.125,30.866667
2002-10-01,20.875,37.125,31.213224
2002-11-01,20.875,37.125,29.327
2002-12-01,20.875,37.125,27.178064
2003-01-01,20.875,37.125,25.454515
2003-02-01,20.875,37.125,24.885
2003-03-01,20.875,37.125,24.887096
2003-04-01,20.875,37.125,26.735332
2003-05-01,20.875,37.125,28.841934
2003-06-01,20.875,37.125,29.275
2003-07-01,20.875,37.125,31.23516
2003-08-01,20.875,37.125,32.01387
2003-09-01,20.875,37.125,31.290667
2003-10-01,20.875,37.125,30.510645
2003-11-01,20.875,37.125,29.143333
2003-12-01,20.875,37.125,26.881935
2004-01-01,20.875,37.125,25.673548
2004-02-01,20.875,37.125,24.733448
2004-03-01,20.875,37.125,25.486452
2004-04-01,20.875,37.125,26.909666
2004-05-01,20.875,37.125,28.471935
2004-06-01,20.875,37.125,29.375666
2004-07-01,20.875,37.125,31.33645
2004-08-01,20.875,37.125,31.32
2004-09-01,20.875,37.125,30.202665
2004-10-01,20.875,37.125,30.144838
2004-11-01,20.875,37.125,29.207333
2004-12-01,20.875,37.125,26.314194
2005-01-01,20.875,37.125,24.758387
2005-02-01,20.875,37.125,25.044641
2005-03-01,20.875,37.125,25.481936
2005-04-01,20.875,37.125,26.402332
2005-05-01,20.875,37.125,28.460321
2005-06-01,20.875,37.125,28.431665
2005-07-01,20.875,37.125,30.91387
2005-08-01,20.875,37.125,31.811935
2005-09-01,20.875,37.125,31.074
2005-10-01,20.875,37.125,29.788387
2005-11-01,20.875,37.125,28.018333
2005-12-01,20.875,37.125,27.029354
2006-01-01,20.875,37.125,25.990322
2006-02-01,20.875,37.125,25.053572
2006-03-01,20.875,37.125,25.762903
2006-04-01,20.875,37.125,26.314999
2006-05-01,20.875,37.125,28.18871
2006-06-01,20.875,37.125,28.391666
2006-07-01,20.875,37.125,30.818064
2006-08-01,20.875,37.125,31.169353
2006-09-01,20.875,37.125,30.424
2006-10-01,20.875,37.125,30.64258
2006-11-01,20.875,37.125,28.882
2006-12-01,20.875,37.125,26.82129
2007-01-01,20.875,37.125,24.243225
2007-02-01,20.875,37.125,24.709286
2007-03-01,20.875,37.125,24.97129
2007-04-01,20.875,37.125,26.831
2007-05-01,20.875,37.125,28.981936
2007-06-01,20.875,37.125,29.571333
2007-07-01,20.875,37.125,30.913548
2007-08-01,20.875,37.125,31.252256
2007-09-01,20.875,37.125,30.205666
2007-10-01,20.875,37.125,29.648386
2007-11-01,20.875,37.125,27.72
2007-12-01,20.875,37.125,26.504839
2008-01-01,20.875,37.125,25.054516
2008-02-01,20.875,37.125,23.871378
2008-03-01,20.875,37.125,25.641935
2008-04-01,20.875,37.125,26.829332
2008-05-01,20.875,37.125,27.946451
2008-06-01,20.875,37.125,29.385
2008-07-01,20.875,37.125,30.793549
2008-08-01,20.875,37.125,31.77258
2008-09-01,20.875,37.125,30.666666
2008-10-01,20.875,37.125,29.696774
2008-11-01,20.875,37.125,28.268
2008-12-01,20.875,37.125,26.574516
2009-01-01,20.875,37.125,25.23645
2009-02-01,20.875,37.125,25.744999
2009-03-01,20.875,37.125,25.51871
2009-04-01,20.875,37.125,26.622665
2009-05-01,20.875,37.125,27.764193
2009-06-01,20.875,37.125,29.187332
2009-07-01,20.875,37.125,31.096128
2009-08-01,20.875,37.125,31.668386
2009-09-01,20.875,37.125,31.129333
2009-10-01,20.875,37.125,30.398386
2009-11-01,20.875,37.125,29.538666
2009-12-01,20.875,37.125,27.312258
2010-01-01,20.875,37.125,25.56903
2010-02-01,20.875,37.125,26.097143
2010-03-01,20.875,37.125,25.961935
2010-04-01,20.875,37.125,26.592999
2010-05-01,20.875,37.125,28.04258
2010-06-01,20.875,37.125,29.031332
2010-07-01,20.875,37.125,30.276773
2010-08-01,20.875,37.125,31.742903
2010-09-01,20.875,37.125,31.259666
2010-10-01,20.875,37.125,31.134838
2010-11-01,20.875,37.125,29.98
2010-12-01,20.875,37.125,28.47129
2011-01-01,20.875,37.125,26.478708
2011-02-01,20.875,37.125,25.366072
2011-03-01,20.875,37.125,24.982903
2011-04-01,20.875,37.125,25.845999
2011-05-01,20.875,37.125,27.509676
2011-06-01,20.875,37.125,28.678333
2011-07-01,20.875,37.125,29.72516
2011-08-01,20.875,37.125,30.584192
2011-09-01,20.875,37.125,30.495998
2011-10-01,20.875,37.125,30.070322
2011-11-01,20.875,37.125,28.464333
2011-12-01,20.875,37.125,25.649677
2012-01-01,20.875,37.125,25.54129
2012-02-01,20.875,37.125,24.604828
2012-03-01,20.875,37.125,24.744516
2012-04-01,20.875,37.125,26.425
2012-05-01,20.875,37.125,28.299355
2012-06-01,20.875,37.125,29.199
2012-07-01,20.875,37.125,31.023226
2012-08-01,20.875,37.125,31.54613
2012-09-01,20.875,37.125,31.077665
2012-10-01,20.875,37.125,30.494192
2012-11-01,20.875,37.125,29.237999
2012-12-01,20.875,37.125,27.330967
2013-01-01,20.875,37.125,25.428064
2013-02-01,20.875,37.125,25.325714
2013-03-01,20.875,37.125,26.102257
2013-04-01,20.875,37.125,27.056665
2013-05-01,20.875,37.125,28.694838
2013-06-01,20.875,37.125,29.314
2013-07-01,20.875,37.125,30.15387
2013-08-01,20.875,37.125,30.480644
2013-09-01,20.875,37.125,30.296
2013-10-01,20.875,37.125,29.015484
2013-11-01,20.875,37.125,27.949333
2013-12-01,20.875,37.125,26.414839
2014-01-01,20.875,37.125,25.10516
2014-02-01,20.875,37.125,24.396786
2014-03-01,20.875,37.125,25.084192
2014-04-01,20.875,37.125,26.755667
2014-05-01,20.875,37.125,28.31387
2014-06-01,20.875,37.125,28.855333
2014-07-01,20.875,37.125,30.347742
2014-08-01,20.875,37.125,31.039677
2014-09-01,20.875,37.125,30.328667
2014-10-01,20.875,37.125,29.157097
2014-11-01,20.875,37.125,27.822332
2014-12-01,20.875,37.125,26.76387
2015-01-01,20.875,37.125,25.17742
2015-02-01,20.875,37.125,25.000357
2015-03-01,20.875,37.125,25.564838
2015-04-01,20.875,37.125,25.996666
2015-05-01,20.875,37.125,27.663548
2015-06-01,20.875,37.125,28.682667
2015-07-01,20.875,37.125,30.533226
2015-08-01,20.875,37.125,30.616451
2015-09-01,20.875,37.125,31.009333
2015-10-01,20.875,37.125,30.950968
2015-11-01,20.875,37.125,29.157999
2015-12-01,20.875,37.125,26.493225
2016-01-01,20.875,37.125,24.93871
2016-02-01,20.875,37.125,25.181725
2016-03-01,20.875,37.125,26.443548
2016-04-01,20.875,37.125,28.189
2016-05-01,20.875,37.125,29.579678
2016-06-01,20.875,37.125,29.832998
2016-07-01,20.875,37.125,31.358065
2016-08-01,20.875,37.125,31.550644
2016-09-01,20.875,37.125,31.017666
2016-10-01,20.875,37.125,31.029354
2016-11-01,20.875,37.125,29.982666
2016-12-01,20.875,37.125,27.912903
2017-01-01,20.875,37.125,26.267418
2017-02-01,20.875,37.125,25.277857
2017-03-01,20.875,37.125,25.882902
2017-04-01,20.875,37.125,27.067999
2017-05-01,20.875,37.125,28.575806
2017-06-01,20.875,37.125,29.064
2017-07-01,20.875,37.125,31.135483
2017-08-01,20.875,37.125,31.019999
2017-09-01,20.875,37.125,30.236
2017-10-01,20.875,37.125,29.525484
2017-11-01,20.875,37.125,27.835667
2017-12-01,20.875,37.125,26.407742
2018-01-01,20.875,37.125,24.828064
2018-02-01,20.875,37.125,25.085
2018-03-01,20.875,37.125,26.743225
2018-04-01,20.875,37.125,27.555332
2018-05-01,20.875,37.125,28.899677
2018-06-01,20.875,37.125,29.747334
2018-07-01,20.875,37.125,30.829353
2018-08-01,20.875,37.125,31.735483
2018-09-01,20.875,37.125,31.040667
2018-10-01,20.875,37.125,30.63
2018-11-01,20.875,37.125,28.746332
2018-12-01,20.875,37.125,27.507742
2019-01-01,20.875,37.125,26.26645
2019-02-01,20.875,37.125,25.588928
2019-03-01,20.875,37.125,25.029999
2019-04-01,20.875,37.125,26.089333
2019-05-01,20.875,37.125,28.724516
2019-06-01,20.875,37.125,29.956665
2019-07-01,20.875,37.125,31.101612
2019-08-01,20.875,37.125,31.664192
2019-09-01,20.875,37.125,31.164333
2019-10-01,20.875,37.125,30.676773
2019-11-01,20.875,37.125,29.815332
2019-12-01,20.875,37.125,27.257095
2020-01-01,20.875,37.125,25.676128
2020-02-01,20.875,37.125,24.376896
2020-03-01,20.875,37.125,25.166128
2020-04-01,20.875,37.125,26.601665
2020-05-01,20.875,37.125,28.311289
2020-06-01,20.875,37.125,28.341333
2020-07-01,20.875,37.125,30.841612
2020-08-01,20.875,37.125,31.85387
2020-09-01,20.875,37.125,32.184998
2020-10-01,20.875,37.125,31.499353
2020-11-01,20.875,37.125,29.768
2020-12-01,20.875,37.125,27.800322
2021-01-01,20.875,37.125,26.723547
2021-02-01,20.875,37.125,25.980356
2021-03-01,20.875,37.125,25.593225
2021-04-01,20.875,37.125,26.662666
2021-05-01,20.875,37.125,29.417097
2021-06-01,20.875,37.125,28.987
2021-07-01,20.875,37.125,30.585484
2021-08-01,20.875,37.125,31.455482
2021-09-01,20.875,37.125,30.868666
2021-10-01,20.875,37.125,29.74742
2021-11-01,20.875,37.125,29.144667
2021-12-01,20.875,37.125,27.575806
2022-01-01,20.875,37.125,25.460321
2022-02-01,20.875,37.125,23.888927
2022-03-01,20.875,37.125,24.493547
2022-04-01,20.875,37.125,27.043
2022-05-01,20.875,37.125,28.698065
2022-06-01,20.875,37.125,28.991999
2022-07-01,20.875,37.125,31.025806
2022-08-01,20.875,37.125,31.568708
2022-09-01,20.875,37.125,31.474333
2022-10-01,20.875,37.125,30.600967
2022-11-01,20.875,37.125,29.539333
2022-12-01,20.875,37.125,27.546774
2023-01-01,20.875,37.125,25.888063
2023-02-01,20.875,37.125,24.90357
2023-03-01,20.875,37.125,25.608065
2023-04-01,20.875,37.125,26.177
2023-05-01,20.875,37.125,28.35129
2023-06-01,20.875,37.125,30.845333
2023-07-01,20.875,37.125,31.76129
2023-08-01,20.875,37.125,32.414192
2023-09-01,20.875,37.125,31.701332
2023-10-01,20.875,37.125,30.769032
2023-11-01,20.875,37.125,29.037333
2023-12-01,20.875,37.125,27.98742
2024-01-01,20.875,37.125,26.336773
2024-02-01,20.875,37.125,24.581724
2024-03-01,20.875,37.125,25.036451
2024-04-01,20.875,37.125,26.774332
2024-05-01,20.875,37.125,28.724194
2024-06-01,20.875,37.125,30.290667
2024-07-01,20.875,37.125,31.877419
2024-08-01,20.875,37.125,31.874516
2024-09-01,20.875,37.125,31.258333
2024-10-01,20.875,37.125,30.453548
2024-11-01,20.875,37.125,29.119999
2024-12-01,20.875,37.125,26.718063
2025-01-01,20.875,37.125,25.628386
2025-02-01,20.875,37.125,25.350357
2025-03-01,20.875,37.125,25.131613
2025-04-01,20.875,37.125,26.931
